n,epsilon,delta,m,resolution,repeats,raw_pair_separation_mean,raw_pair_separation_se,outer_fold_transformed_pair_separation_mean_mean,outer_fold_transformed_pair_separation_mean_se,clr_ridge_fixed_mae_mean,clr_ridge_fixed_mae_se,nn_fixed_mae_mean,nn_fixed_mae_se,pair_clr_ridge_mae_mean,pair_clr_ridge_mae_se,pair_nn_mae_mean,pair_nn_mae_se,equal_prediction_pair_floor_mean,equal_prediction_pair_floor_se,shared_contrast_clr_mae_mean,shared_contrast_clr_mae_se,shared_contrast_nn_mae_mean,shared_contrast_nn_mae_se,fine_contrast_clr_mae_mean,fine_contrast_clr_mae_se,naive_selected_mae_mean,naive_selected_mae_se,nested_selected_mae_mean,nested_selected_mae_se,selection_optimism_mean,selection_optimism_se,nested_selected_candidate_mean_mean,nested_selected_candidate_mean_se,all_simplex_ok,all_nested_outer_fold_isolation,all_nested_inner_fold_isolation
6,0.0,0.0,1,full_k3,200,0.0,0.0,0.0,0.0,0.026018648560663698,0.0005597496028216763,0.03979843963729728,0.0013730640859269574,0.019691204045977514,0.000716476666947678,0.0,0.0,0.0,0.0,0.03902797284099553,0.0008396244042325143,0.059697659455945934,0.002059596128890436,0.0,0.0,0.026018648560663698,0.0005597496028216763,0.026018648560663694,0.0005597496028216762,-1.222980050563649e-18,8.64484429074331e-19,0.0,0.0,True,True,True
6,0.0,0.0,1,pooled_k2,200,0.0,0.0,0.0,0.0,0.039027972840995545,0.0008396244042325143,0.059697659455945934,0.002059596128890436,0.029536806068966276,0.001074715000421517,0.0,0.0,0.0,0.0,0.03902797284099554,0.0008396244042325142,0.059697659455945934,0.002059596128890436,,,0.039027972840995545,0.0008396244042325143,0.039027972840995545,0.0008396244042325143,-1.0581813203458523e-18,1.4019152773523048e-18,0.0,0.0,True,True,True
6,0.0,0.0,5,full_k3,200,0.0,0.0,0.0,0.0,0.026018648560663698,0.0005597496028216763,0.03979843963729728,0.0013730640859269574,0.019691204045977514,0.000716476666947678,0.0,0.0,0.0,0.0,0.03902797284099553,0.0008396244042325143,0.059697659455945934,0.002059596128890436,0.0,0.0,0.025968643900304515,0.0005563659875738895,0.030924805324354914,0.00121383042797189,0.004956161424050395,0.0010182961281086024,0.07416666666666666,0.016569966541249044,True,True,True
6,0.0,0.0,5,pooled_k2,200,0.0,0.0,0.0,0.0,0.039027972840995545,0.0008396244042325143,0.059697659455945934,0.002059596128890436,0.029536806068966276,0.001074715000421517,0.0,0.0,0.0,0.0,0.03902797284099554,0.0008396244042325142,0.059697659455945934,0.002059596128890436,,,0.03895296585045677,0.0008345489813608341,0.04638720798653237,0.0018207456419578351,0.007434242136075592,0.0015274441921629036,0.07416666666666666,0.016569966541249044,True,True,True
6,0.0,0.0,20,full_k3,200,0.0,0.0,0.0,0.0,0.026018648560663698,0.0005597496028216763,0.03979843963729728,0.0013730640859269574,0.019691204045977514,0.000716476666947678,0.0,0.0,0.0,0.0,0.03902797284099553,0.0008396244042325143,0.059697659455945934,0.002059596128890436,0.0,0.0,0.025864013684060855,0.0005542459625091366,0.04197511349724356,0.0018614939869781987,0.016111099813182702,0.001660099666768396,1.1441666666666666,0.14066265315747398,True,True,True
6,0.0,0.0,20,pooled_k2,200,0.0,0.0,0.0,0.0,0.039027972840995545,0.0008396244042325143,0.059697659455945934,0.002059596128890436,0.029536806068966276,0.001074715000421517,0.0,0.0,0.0,0.0,0.03902797284099554,0.0008396244042325142,0.059697659455945934,0.002059596128890436,,,0.03879602052609128,0.0008313689437637047,0.06296267024586534,0.002792240980467298,0.02416664971977406,0.0024901495001525948,1.1441666666666666,0.14066265315747398,True,True,True
6,0.0,0.6,1,full_k3,200,0.0,0.0,0.0,0.0,0.05583317929374758,0.0005132729676648624,0.10008460975171549,0.001514651015499074,0.11195496378749702,0.0008696675943137385,0.15635384025705648,1.967540588810701e-18,0.07817692012852824,9.837702944053505e-19,0.03909192348533966,0.0009378079303324045,0.05787859469228777,0.002042541977226294,0.1006353273490302,0.0006722146825695049,0.05583317929374758,0.0005132729676648624,0.055833179293747565,0.0005132729676648624,5.551115123125783e-19,8.858850135531105e-19,0.0,0.0,True,True,True
6,0.0,0.6,1,pooled_k2,200,0.0,0.0,0.0,0.0,0.03961099695033557,0.0009439116333895687,0.05787859469228776,0.002042541977226294,0.032711689042298826,0.0011193706284261815,0.0,0.0,0.0,0.0,0.03961099695033555,0.0009439116333895682,0.05787859469228777,0.002042541977226294,,,0.03961099695033557,0.0009439116333895687,0.03961099695033557,0.0009439116333895687,1.240327285323417e-18,1.5528565338344454e-18,0.0,0.0,True,True,True
6,0.0,0.6,5,full_k3,200,0.0,0.0,0.0,0.0,0.05583317929374758,0.0005132729676648624,0.10008460975171549,0.001514651015499074,0.11195496378749702,0.0008696675943137385,0.15635384025705648,1.967540588810701e-18,0.07817692012852824,9.837702944053505e-19,0.03909192348533966,0.0009378079303324045,0.05787859469228777,0.002042541977226294,0.1006353273490302,0.0006722146825695049,0.05579268860840637,0.0005116713778357497,0.06113729852190147,0.0012271983581008297,0.00534460991349511,0.001055198255039861,0.08583333333333332,0.019839441369046806,True,True,True
6,0.0,0.6,5,pooled_k2,200,0.0,0.0,0.0,0.0,0.03961099695033557,0.0009439116333895687,0.05787859469228776,0.002042541977226294,0.032711689042298826,0.0011193706284261815,0.0,0.0,0.0,0.0,0.03961099695033555,0.0009439116333895682,0.05787859469228777,0.002042541977226294,,,0.03951721700234815,0.0009397962773962554,0.04888310133354264,0.0021443594801915334,0.009365884331194486,0.0017999482278522828,0.09666666666666666,0.020441798192539235,True,True,True
6,0.0,0.6,20,full_k3,200,0.0,0.0,0.0,0.0,0.05583317929374758,0.0005132729676648624,0.10008460975171549,0.001514651015499074,0.11195496378749702,0.0008696675943137385,0.15635384025705648,1.967540588810701e-18,0.07817692012852824,9.837702944053505e-19,0.03909192348533966,0.0009378079303324045,0.05787859469228777,0.002042541977226294,0.1006353273490302,0.0006722146825695049,0.05567579690174588,0.0005081685689863161,0.07313209481218833,0.001946736272955915,0.01745629791044245,0.0017819376196676756,1.479166666666667,0.1653378243939391,True,True,True
6,0.0,0.6,20,pooled_k2,200,0.0,0.0,0.0,0.0,0.03961099695033557,0.0009439116333895687,0.05787859469228776,0.002042541977226294,0.032711689042298826,0.0011193706284261815,0.0,0.0,0.0,0.0,0.03961099695033555,0.0009439116333895682,0.05787859469228777,0.002042541977226294,,,0.03917395968063467,0.0009336571655112378,0.07071900817543124,0.0035877963864218722,0.03154504849479657,0.0031583106958743322,1.6091666666666666,0.1700682914528081,True,True,True
6,0.0,1.2,1,full_k3,200,0.0,0.0,0.0,0.0,0.08837783408410789,0.0004983379343008096,0.16009706894880615,0.001968876067210484,0.20795542497016237,0.0012192450943217734,0.2950440426160856,0.0,0.1475220213080428,0.0,0.045718452770670236,0.0007939286886937978,0.06083567206831489,0.0021042529323277927,0.1908260108405728,0.0010861702111207173,0.08837783408410789,0.0004983379343008096,0.08837783408410789,0.0004983379343008095,-6.938893903907229e-20,1.1323939661199023e-18,0.0,0.0,True,True,True
6,0.0,1.2,1,pooled_k2,200,0.0,0.0,0.0,0.0,0.04809358643072871,0.000875420604009579,0.06083567206831489,0.0021042529323277927,0.04588004029917826,0.0009562650771210991,0.0,0.0,0.0,0.0,0.04809358643072871,0.000875420604009579,0.06083567206831489,0.0021042529323277927,,,0.04809358643072871,0.000875420604009579,0.04809358643072871,0.000875420604009579,8.500145032286355e-19,1.4863759748617457e-18,0.0,0.0,True,True,True
6,0.0,1.2,5,full_k3,200,0.0,0.0,0.0,0.0,0.08837783408410789,0.0004983379343008096,0.16009706894880615,0.001968876067210484,0.20795542497016237,0.0012192450943217734,0.2950440426160856,0.0,0.1475220213080428,0.0,0.045718452770670236,0.0007939286886937978,0.06083567206831489,0.0021042529323277927,0.1908260108405728,0.0010861702111207173,0.08832309151236195,0.0005013929741271807,0.09402157821846739,0.001182466541079529,0.005698486706105463,0.0010665724790455138,0.15166666666666667,0.03164020758310114,True,True,True
6,0.0,1.2,5,pooled_k2,200,0.0,0.0,0.0,0.0,0.04809358643072871,0.000875420604009579,0.06083567206831489,0.0021042529323277927,0.04588004029917826,0.0009562650771210991,0.0,0.0,0.0,0.0,0.04809358643072871,0.000875420604009579,0.06083567206831489,0.0021042529323277927,,,0.04784905248135656,0.0008786958255444695,0.0609602809656816,0.0024983496599531776,0.013111228484325041,0.0022261677988597347,0.18,0.0330465046329166,True,True,True
6,0.0,1.2,20,full_k3,200,0.0,0.0,0.0,0.0,0.08837783408410789,0.0004983379343008096,0.16009706894880615,0.001968876067210484,0.20795542497016237,0.0012192450943217734,0.2950440426160856,0.0,0.1475220213080428,0.0,0.045718452770670236,0.0007939286886937978,0.06083567206831489,0.0021042529323277927,0.1908260108405728,0.0010861702111207173,0.08824908832498302,0.0005103337711247921,0.10671205911230454,0.001833405017290639,0.01846297078732152,0.001706433500772258,1.7908333333333335,0.1758722281082647,True,True,True
6,0.0,1.2,20,pooled_k2,200,0.0,0.0,0.0,0.0,0.04809358643072871,0.000875420604009579,0.06083567206831489,0.0021042529323277927,0.04588004029917826,0.0009562650771210991,0.0,0.0,0.0,0.0,0.04809358643072871,0.000875420604009579,0.06083567206831489,0.0021042529323277927,,,0.0472378759199641,0.0009085244652398221,0.09199979993303828,0.0037671549683447494,0.04476192401307419,0.003481262645985614,2.290833333333333,0.20343915437051016,True,True,True
6,0.05,0.0,1,full_k3,200,0.04999999999999999,0.0,0.12105924392952218,0.003200328450106102,0.025102163164236874,0.0005446783918928172,0.04470778858171433,0.0012784144357076,0.017767375516744725,0.0007498061185129341,0.01283458515451625,0.00021491112335757245,0.007229005005454714,1.2297128680066881e-19,0.037653244746355306,0.0008170175878392258,0.06706168287257148,0.0019176216535614005,0.0,0.0,0.025102163164236874,0.0005446783918928172,0.02510216316423687,0.0005446783918928172,-1.3010426069826053e-20,7.312521845971093e-19,0.0,0.0,True,True,True
6,0.05,0.0,1,pooled_k2,200,0.04999999999999999,0.0,0.12105924392952218,0.003200328450106102,0.03765324474635531,0.0008170175878392257,0.06706168287257148,0.0019176216535614005,0.02665106327511708,0.0011247091777694008,0.019251877731774378,0.0003223666850363586,0.010843507508182068,0.0,0.037653244746355306,0.0008170175878392257,0.06706168287257148,0.0019176216535614005,,,0.03765324474635531,0.0008170175878392257,0.037653244746355306,0.0008170175878392257,-2.0209528495129803e-18,1.4399080482816746e-18,0.0,0.0,True,True,True
6,0.05,0.0,5,full_k3,200,0.04999999999999999,0.0,0.12105924392952218,0.003200328450106102,0.025102163164236874,0.0005446783918928172,0.04470778858171433,0.0012784144357076,0.017767375516744725,0.0007498061185129341,0.01283458515451625,0.00021491112335757245,0.007229005005454714,1.2297128680066881e-19,0.037653244746355306,0.0008170175878392258,0.06706168287257148,0.0019176216535614005,0.0,0.0,0.02509552690691999,0.0005443388909887564,0.027790552896194518,0.0008634170525402705,0.0026950259892745253,0.0006087407134966512,0.06666666666666667,0.01522215905141212,True,True,True
6,0.05,0.0,5,pooled_k2,200,0.04999999999999999,0.0,0.12105924392952218,0.003200328450106102,0.03765324474635531,0.0008170175878392257,0.06706168287257148,0.0019176216535614005,0.02665106327511708,0.0011247091777694008,0.019251877731774378,0.0003223666850363586,0.010843507508182068,0.0,0.037653244746355306,0.0008170175878392257,0.06706168287257148,0.0019176216535614005,,,0.037643290360379986,0.0008165083364831346,0.041685829344291776,0.001295125578810406,0.004042538983911786,0.0009131110702449767,0.06666666666666667,0.01522215905141212,True,True,True
6,0.05,0.0,20,full_k3,200,0.04999999999999999,0.0,0.12105924392952218,0.003200328450106102,0.025102163164236874,0.0005446783918928172,0.04470778858171433,0.0012784144357076,0.017767375516744725,0.0007498061185129341,0.01283458515451625,0.00021491112335757245,0.007229005005454714,1.2297128680066881e-19,0.037653244746355306,0.0008170175878392258,0.06706168287257148,0.0019176216535614005,0.0,0.0,0.024891905910073824,0.0005410805245171685,0.034280861839313746,0.001466023578920007,0.009388955929239919,0.0011955667709959488,1.01,0.14058802091497916,True,True,True
6,0.05,0.0,20,pooled_k2,200,0.04999999999999999,0.0,0.12105924392952218,0.003200328450106102,0.03765324474635531,0.0008170175878392257,0.06706168287257148,0.0019176216535614005,0.02665106327511708,0.0011247091777694008,0.019251877731774378,0.0003223666850363586,0.010843507508182068,0.0,0.037653244746355306,0.0008170175878392257,0.06706168287257148,0.0019176216535614005,,,0.037337858865110735,0.0008116207867757528,0.0514212927589706,0.0021990353683800107,0.014083433893859874,0.0017933501564939233,1.01,0.14058802091497916,True,True,True
6,0.05,0.6,1,full_k3,200,0.04999999999999999,0.0,0.12611878955758782,0.004578592134755245,0.05590936116517893,0.00043437394856449106,0.09759521665575811,0.0015747696903552102,0.11014992532349469,0.0008202923961095218,0.14695076621862962,0.0018157617057734093,0.08067324334681154,9.837702944053505e-19,0.039204383703377976,0.0008654932690301311,0.06435977312552002,0.002038904826273169,0.10454038686738303,0.0006501514792825358,0.05590936116517893,0.00043437394856449106,0.05590936116517895,0.00043437394856449117,-1.249000902703301e-18,8.795808725343107e-19,0.0,0.0,True,True,True
6,0.05,0.6,1,pooled_k2,200,0.04999999999999999,0.0,0.12611878955758782,0.004578592134755245,0.03950930841780294,0.0008801753161881104,0.06435977312552005,0.0020389048262731686,0.03218378881405612,0.0010938313404073106,0.019578239341794493,0.000249213444058405,0.010567381029253045,0.0,0.03950930841780293,0.0008801753161881104,0.06435977312552002,0.002038904826273169,,,0.03950930841780294,0.0008801753161881104,0.03950930841780293,0.0008801753161881104,-2.146720301521299e-18,1.3729613035255656e-18,0.0,0.0,True,True,True
6,0.05,0.6,5,full_k3,200,0.04999999999999999,0.0,0.12611878955758782,0.004578592134755245,0.05590936116517893,0.00043437394856449106,0.09759521665575811,0.0015747696903552102,0.11014992532349469,0.0008202923961095218,0.14695076621862962,0.0018157617057734093,0.08067324334681154,9.837702944053505e-19,0.039204383703377976,0.0008654932690301311,0.06435977312552002,0.002038904826273169,0.10454038686738303,0.0006501514792825358,0.0557523042395687,0.0004341707125300526,0.06282914169625473,0.0013958654835675305,0.007076837456686032,0.0013240520091955688,0.14833333333333334,0.030485326123853778,True,True,True
6,0.05,0.6,5,pooled_k2,200,0.04999999999999999,0.0,0.12611878955758782,0.004578592134755245,0.03950930841780294,0.0008801753161881104,0.06435977312552005,0.0020389048262731686,0.03218378881405612,0.0010938313404073106,0.019578239341794493,0.000249213444058405,0.010567381029253045,0.0,0.03950930841780293,0.0008801753161881104,0.06435977312552002,0.002038904826273169,,,0.039223351049467226,0.0008767875258788642,0.04747950299770382,0.0020427450481145426,0.008256151948236602,0.0017167111799853538,0.1075,0.02905782515399366,True,True,True
6,0.05,0.6,20,full_k3,200,0.04999999999999999,0.0,0.12611878955758782,0.004578592134755245,0.05590936116517893,0.00043437394856449106,0.09759521665575811,0.0015747696903552102,0.11014992532349469,0.0008202923961095218,0.14695076621862962,0.0018157617057734093,0.08067324334681154,9.837702944053505e-19,0.039204383703377976,0.0008654932690301311,0.06435977312552002,0.002038904826273169,0.10454038686738303,0.0006501514792825358,0.055684306311187676,0.0004349546863268396,0.07542703452582301,0.0020202372066824717,0.019742728214635342,0.0019281784061449183,1.564166666666667,0.16612003112318666,True,True,True
6,0.05,0.6,20,pooled_k2,200,0.04999999999999999,0.0,0.12611878955758782,0.004578592134755245,0.03950930841780294,0.0008801753161881104,0.06435977312552005,0.0020389048262731686,0.03218378881405612,0.0010938313404073106,0.019578239341794493,0.000249213444058405,0.010567381029253045,0.0,0.03950930841780293,0.0008801753161881104,0.06435977312552002,0.002038904826273169,,,0.03908097495402023,0.0008728123083995045,0.06578437718689542,0.003532426572472196,0.026703402232875196,0.0031024114874066153,1.2275,0.14371816157500472,True,True,True
6,0.05,1.2,1,full_k3,200,0.04999999999999999,0.0,0.12717183543511443,0.006406993852350945,0.08872387708473223,0.0004094414290270557,0.15209394511124075,0.0017960905160797054,0.2045468794405305,0.0011492703495664123,0.2711481593758018,0.003280949633397883,0.1490324740473163,1.967540588810701e-18,0.04541968965200832,0.0009102777371199824,0.06439999083547647,0.002010078762008538,0.1988564684737212,0.0011675776879387064,0.08872387708473223,0.0004094414290270557,0.08872387708473224,0.0004094414290270557,9.020562075079397e-19,1.122005007963256e-18,0.0,0.0,True,True,True
6,0.05,1.2,1,pooled_k2,200,0.04999999999999999,0.0,0.12717183543511443,0.006406993852350945,0.047459851517521974,0.0009718406859173672,0.06439999083547647,0.0020100787620085385,0.04438952802477264,0.001074307062823981,0.020860572869496146,0.0002864207170173963,0.009787998659893785,0.0,0.04745985151752199,0.0009718406859173672,0.06439999083547647,0.002010078762008538,,,0.047459851517521974,0.0009718406859173672,0.047459851517521974,0.0009718406859173671,-2.1076890233118208e-18,1.4768271745776127e-18,0.0,0.0,True,True,True
6,0.05,1.2,5,full_k3,200,0.04999999999999999,0.0,0.12717183543511443,0.006406993852350945,0.08872387708473223,0.0004094414290270557,0.15209394511124075,0.0017960905160797054,0.2045468794405305,0.0011492703495664123,0.2711481593758018,0.003280949633397883,0.1490324740473163,1.967540588810701e-18,0.04541968965200832,0.0009102777371199824,0.06439999083547647,0.002010078762008538,0.1988564684737212,0.0011675776879387064,0.08859182807679247,0.00041410467090525864,0.09682547127948338,0.001306495558761306,0.008233643202690934,0.0013255800542053373,0.19416666666666665,0.028300490867849814,True,True,True
6,0.05,1.2,5,pooled_k2,200,0.04999999999999999,0.0,0.12717183543511443,0.006406993852350945,0.047459851517521974,0.0009718406859173672,0.06439999083547647,0.0020100787620085385,0.04438952802477264,0.001074307062823981,0.020860572869496146,0.0002864207170173963,0.009787998659893785,0.0,0.04745985151752199,0.0009718406859173672,0.06439999083547647,0.002010078762008538,,,0.04733151560162376,0.0009685250460000547,0.055916885768706875,0.0021094218557793885,0.008585370167083113,0.0017694413883796837,0.10416666666666666,0.02088352413082707,True,True,True
6,0.05,1.2,20,full_k3,200,0.04999999999999999,0.0,0.12717183543511443,0.006406993852350945,0.08872387708473223,0.0004094414290270557,0.15209394511124075,0.0017960905160797054,0.2045468794405305,0.0011492703495664123,0.2711481593758018,0.003280949633397883,0.1490324740473163,1.967540588810701e-18,0.04541968965200832,0.0009102777371199824,0.06439999083547647,0.002010078762008538,0.1988564684737212,0.0011675776879387064,0.0881896296187668,0.0004470760227123712,0.11352198282080506,0.0018706170857534755,0.02533235320203829,0.0019248534263472112,2.6166666666666663,0.22423951759379507,True,True,True
6,0.05,1.2,20,pooled_k2,200,0.04999999999999999,0.0,0.12717183543511443,0.006406993852350945,0.047459851517521974,0.0009718406859173672,0.06439999083547647,0.0020100787620085385,0.04438952802477264,0.001074307062823981,0.020860572869496146,0.0002864207170173963,0.009787998659893785,0.0,0.04745985151752199,0.0009718406859173672,0.06439999083547647,0.002010078762008538,,,0.046313673715828375,0.0009696905245779883,0.08997341270203706,0.003915806792154475,0.0436597389862087,0.0035286966539530315,2.4316666666666666,0.17850419967627057,True,True,True
6,0.2,0.0,1,full_k3,200,0.2,0.0,0.5211592193474514,0.015504310814399576,0.022681889066270743,0.0004606393516832146,0.04838857748726383,0.0012493741887159011,0.017634230963903774,0.0005606178591129569,0.04518184178989211,0.0012366763073137815,0.03362224128386448,0.0,0.03402283359940611,0.0006909590275248218,0.07258286623089574,0.0018740612830738515,0.0,0.0,0.022681889066270743,0.0004606393516832146,0.022681889066270743,0.0004606393516832147,1.0842021724855044e-19,6.63502101803153e-19,0.0,0.0,True,True,True
6,0.2,0.0,1,pooled_k2,200,0.2,0.0,0.5211592193474514,0.015504310814399576,0.03402283359940611,0.000690959027524822,0.07258286623089576,0.0018740612830738517,0.02645134644585567,0.0008409267886694353,0.06777276268483816,0.0018550144609706725,0.05043336192579671,0.0,0.0340228335994061,0.0006909590275248218,0.07258286623089574,0.0018740612830738515,,,0.03402283359940611,0.000690959027524822,0.03402283359940611,0.000690959027524822,-5.637851296924623e-19,1.2884983715376746e-18,0.0,0.0,True,True,True
6,0.2,0.0,5,full_k3,200,0.2,0.0,0.5211592193474514,0.015504310814399576,0.022681889066270743,0.0004606393516832146,0.04838857748726383,0.0012493741887159011,0.017634230963903774,0.0005606178591129569,0.04518184178989211,0.0012366763073137815,0.03362224128386448,0.0,0.03402283359940611,0.0006909590275248218,0.07258286623089574,0.0018740612830738515,0.0,0.0,0.022681889066270743,0.0004606393516832146,0.02367232535569187,0.0006833599181365822,0.0009904362894211283,0.0004497082776728354,0.014166666666666668,0.005998499253966154,True,True,True
6,0.2,0.0,5,pooled_k2,200,0.2,0.0,0.5211592193474514,0.015504310814399576,0.03402283359940611,0.000690959027524822,0.07258286623089576,0.0018740612830738517,0.02645134644585567,0.0008409267886694353,0.06777276268483816,0.0018550144609706725,0.05043336192579671,0.0,0.0340228335994061,0.0006909590275248218,0.07258286623089574,0.0018740612830738515,,,0.03402283359940611,0.000690959027524822,0.0355084880335378,0.0010250398772048734,0.0014856544341316916,0.0006745624165092531,0.014166666666666668,0.005998499253966154,True,True,True
6,0.2,0.0,20,full_k3,200,0.2,0.0,0.5211592193474514,0.015504310814399576,0.022681889066270743,0.0004606393516832146,0.04838857748726383,0.0012493741887159011,0.017634230963903774,0.0005606178591129569,0.04518184178989211,0.0012366763073137815,0.03362224128386448,0.0,0.03402283359940611,0.0006909590275248218,0.07258286623089574,0.0018740612830738515,0.0,0.0,0.02267917062233461,0.0004607038681715333,0.024971872811858482,0.0008838101643783981,0.0022927021895238708,0.0006730618276561423,0.14,0.03861866714042523,True,True,True
6,0.2,0.0,20,pooled_k2,200,0.2,0.0,0.5211592193474514,0.015504310814399576,0.03402283359940611,0.000690959027524822,0.07258286623089576,0.0018740612830738517,0.02645134644585567,0.0008409267886694353,0.06777276268483816,0.0018550144609706725,0.05043336192579671,0.0,0.0340228335994061,0.0006909590275248218,0.07258286623089574,0.0018740612830738515,,,0.03401875593350192,0.0006910558022573,0.03745780921778772,0.0013257152465675972,0.0034390532842858063,0.0010095927414842136,0.14,0.03861866714042523,True,True,True
6,0.2,0.6,1,full_k3,200,0.2,0.0,0.5142190910190263,0.013823927261029906,0.055868460997823666,0.000386680608621984,0.08764015396422188,0.0013377699291117844,0.10191189329512242,0.000861121750013608,0.12567631539734198,0.0025179724646203394,0.08982777057257295,1.967540588810701e-18,0.036236656396726505,0.0007035781879150873,0.07250338745776191,0.0018858837200920304,0.11581591525808124,0.00117713281738217,0.055868460997823666,0.000386680608621984,0.055868460997823666,0.0003866806086219839,2.7755575615628914e-19,8.531619907727468e-19,0.0,0.0,True,True,True
6,0.2,0.6,1,pooled_k2,200,0.2,0.0,0.5142190910190263,0.013823927261029906,0.036382910807130873,0.0007351577595319276,0.07250338745776191,0.0018858837200920301,0.027630780238208003,0.0008703511608574436,0.0675443707670546,0.001814815104880124,0.049320126118015076,0.0,0.03638291080713086,0.0007351577595319279,0.07250338745776191,0.0018858837200920304,,,0.036382910807130873,0.0007351577595319276,0.036382910807130873,0.0007351577595319279,7.806255641895632e-19,1.2892499958044293e-18,0.0,0.0,True,True,True
6,0.2,0.6,5,full_k3,200,0.2,0.0,0.5142190910190263,0.013823927261029906,0.055868460997823666,0.000386680608621984,0.08764015396422188,0.0013377699291117844,0.10191189329512242,0.000861121750013608,0.12567631539734198,0.0025179724646203394,0.08982777057257295,1.967540588810701e-18,0.036236656396726505,0.0007035781879150873,0.07250338745776191,0.0018858837200920304,0.11581591525808124,0.00117713281738217,0.05578209038076407,0.0003744718634974521,0.06350175971223496,0.0012065392385209078,0.00771966933147088,0.0011535586575790971,0.15833333333333333,0.02403207190773761,True,True,True
6,0.2,0.6,5,pooled_k2,200,0.2,0.0,0.5142190910190263,0.013823927261029906,0.036382910807130873,0.0007351577595319276,0.07250338745776191,0.0018858837200920301,0.027630780238208003,0.0008703511608574436,0.0675443707670546,0.001814815104880124,0.049320126118015076,0.0,0.03638291080713086,0.0007351577595319279,0.07250338745776191,0.0018858837200920304,,,0.03638173817122214,0.0007350384405595487,0.0382906558092168,0.0010626723758992236,0.0019089176379946593,0.0006858611361829721,0.03,0.008500008210985623,True,True,True
6,0.2,0.6,20,full_k3,200,0.2,0.0,0.5142190910190263,0.013823927261029906,0.055868460997823666,0.000386680608621984,0.08764015396422188,0.0013377699291117844,0.10191189329512242,0.000861121750013608,0.12567631539734198,0.0025179724646203394,0.08982777057257295,1.967540588810701e-18,0.036236656396726505,0.0007035781879150873,0.07250338745776191,0.0018858837200920304,0.11581591525808124,0.00117713281738217,0.05550168299323339,0.00035646737374314306,0.07747619483372023,0.0018905730590952196,0.02197451184048685,0.0018749405210358406,2.041666666666667,0.18156506002470724,True,True,True
6,0.2,0.6,20,pooled_k2,200,0.2,0.0,0.5142190910190263,0.013823927261029906,0.036382910807130873,0.0007351577595319276,0.07250338745776191,0.0018858837200920301,0.027630780238208003,0.0008703511608574436,0.0675443707670546,0.001814815104880124,0.049320126118015076,0.0,0.03638291080713086,0.0007351577595319279,0.07250338745776191,0.0018858837200920304,,,0.03637903340124184,0.0007349276521194269,0.04377547274364223,0.0017498443985901353,0.00739643934240039,0.0014354981919015635,0.5616666666666668,0.09904844592352773,True,True,True
6,0.2,1.2,1,full_k3,200,0.2,0.0,0.5027569155700522,0.016241291759902802,0.09190005555677082,0.0005326256032841886,0.1343577735085214,0.001723652276027151,0.19386092623284606,0.0012572419154792426,0.2209723552015082,0.004421905785103384,0.15463851897101846,1.967540588810701e-18,0.043973780651577296,0.0008459978174251448,0.07242031223034504,0.0020300660623195858,0.2202689828755735,0.0019022299879022744,0.09190005555677082,0.0005326256032841886,0.09190005555677082,0.0005326256032841887,-1.5959455978986626e-18,1.0041085618231923e-18,0.0,0.0,True,True,True
6,0.2,1.2,1,pooled_k2,200,0.2,0.0,0.5027569155700522,0.016241291759902802,0.0447086159928862,0.0008387525696570127,0.07242031223034504,0.0020300660623195858,0.04172500824210259,0.000990730298485872,0.06718141509533768,0.0018134272500981443,0.04611615297665468,0.0,0.0447086159928862,0.0008387525696570127,0.07242031223034504,0.0020300660623195858,,,0.0447086159928862,0.0008387525696570127,0.0447086159928862,0.0008387525696570127,8.326672684688674e-19,1.4795934662443712e-18,0.0,0.0,True,True,True
6,0.2,1.2,5,full_k3,200,0.2,0.0,0.5027569155700522,0.016241291759902802,0.09190005555677082,0.0005326256032841886,0.1343577735085214,0.001723652276027151,0.19386092623284606,0.0012572419154792426,0.2209723552015082,0.004421905785103384,0.15463851897101846,1.967540588810701e-18,0.043973780651577296,0.0008459978174251448,0.07242031223034504,0.0020300660623195858,0.2202689828755735,0.0019022299879022744,0.09119866299267392,0.00047560731007311645,0.10505355153145825,0.001563590949134409,0.013854888538784338,0.0015218917867007087,0.3708333333333333,0.03674799682701679,True,True,True
6,0.2,1.2,5,pooled_k2,200,0.2,0.0,0.5027569155700522,0.016241291759902802,0.0447086159928862,0.0008387525696570127,0.07242031223034504,0.0020300660623195858,0.04172500824210259,0.000990730298485872,0.06718141509533768,0.0018134272500981443,0.04611615297665468,0.0,0.0447086159928862,0.0008387525696570127,0.07242031223034504,0.0020300660623195858,,,0.044562280613743496,0.000833438985935382,0.04839043582178558,0.0014589473998302873,0.0038281552080420916,0.001097374978600618,0.055,0.013267740670145349,True,True,True
6,0.2,1.2,20,full_k3,200,0.2,0.0,0.5027569155700522,0.016241291759902802,0.09190005555677082,0.0005326256032841886,0.1343577735085214,0.001723652276027151,0.19386092623284606,0.0012572419154792426,0.2209723552015082,0.004421905785103384,0.15463851897101846,1.967540588810701e-18,0.043973780651577296,0.0008459978174251448,0.07242031223034504,0.0020300660623195858,0.2202689828755735,0.0019022299879022744,0.089945703133073,0.0004388541365888531,0.13025597839048075,0.0023378702496275063,0.04031027525740776,0.0023200447567393334,3.624166666666666,0.24412412947483936,True,True,True
6,0.2,1.2,20,pooled_k2,200,0.2,0.0,0.5027569155700522,0.016241291759902802,0.0447086159928862,0.0008387525696570127,0.07242031223034504,0.0020300660623195858,0.04172500824210259,0.000990730298485872,0.06718141509533768,0.0018134272500981443,0.04611615297665468,0.0,0.0447086159928862,0.0008387525696570127,0.07242031223034504,0.0020300660623195858,,,0.04440162063934058,0.0008287753521092558,0.06552815369160542,0.0029629548155926046,0.02112653305226483,0.002552030298566471,1.2241666666666666,0.13916576394656013,True,True,True
6,1.0,0.0,1,full_k3,200,1.0,0.0,2.278866730656858,0.05712915365655952,0.028807361222409424,0.0003480440297984078,0.04440366277515047,0.0012962084194211463,0.0365652342016915,0.0009667903672794782,0.0581149706142806,0.003162837318109549,0.17137929844516347,1.967540588810701e-18,0.04321104183361415,0.0005220660446976121,0.0666054941627257,0.0019443126291317195,0.0,0.0,0.028807361222409424,0.0003480440297984078,0.028807361222409424,0.0003480440297984079,2.9490299091605723e-19,8.716322435364074e-19,0.0,0.0,True,True,True
6,1.0,0.0,1,pooled_k2,200,1.0,0.0,2.278866730656858,0.05712915365655952,0.043211041833614135,0.0005220660446976117,0.0666054941627257,0.0019443126291317193,0.05484785130253725,0.0014501855509192177,0.08717245592142092,0.004744255977164323,0.2570689476677453,3.935081177621402e-18,0.04321104183361415,0.0005220660446976118,0.0666054941627257,0.0019443126291317195,,,0.043211041833614135,0.0005220660446976117,0.043211041833614135,0.000522066044697612,2.498001805406602e-18,1.4529691112635457e-18,0.0,0.0,True,True,True
6,1.0,0.0,5,full_k3,200,1.0,0.0,2.278866730656858,0.05712915365655952,0.028807361222409424,0.0003480440297984078,0.04440366277515047,0.0012962084194211463,0.0365652342016915,0.0009667903672794782,0.0581149706142806,0.003162837318109549,0.17137929844516347,1.967540588810701e-18,0.04321104183361415,0.0005220660446976121,0.0666054941627257,0.0019443126291317195,0.0,0.0,0.028807361222409424,0.0003480440297984078,0.029557180588071025,0.000540498500166461,0.0007498193656615965,0.00037567326358004297,0.006666666666666666,0.003512758909111969,True,True,True
6,1.0,0.0,5,pooled_k2,200,1.0,0.0,2.278866730656858,0.05712915365655952,0.043211041833614135,0.0005220660446976117,0.0666054941627257,0.0019443126291317193,0.05484785130253725,0.0014501855509192177,0.08717245592142092,0.004744255977164323,0.2570689476677453,3.935081177621402e-18,0.04321104183361415,0.0005220660446976118,0.0666054941627257,0.0019443126291317195,,,0.043211041833614135,0.0005220660446976117,0.04433577088210652,0.0008107477502496916,0.0011247290484923968,0.0005635098953700649,0.006666666666666666,0.003512758909111969,True,True,True
6,1.0,0.0,20,full_k3,200,1.0,0.0,2.278866730656858,0.05712915365655952,0.028807361222409424,0.0003480440297984078,0.04440366277515047,0.0012962084194211463,0.0365652342016915,0.0009667903672794782,0.0581149706142806,0.003162837318109549,0.17137929844516347,1.967540588810701e-18,0.04321104183361415,0.0005220660446976121,0.0666054941627257,0.0019443126291317195,0.0,0.0,0.028807361222409424,0.0003480440297984078,0.03194707964656502,0.0008861853711020044,0.003139718424155592,0.0007561378838971037,0.1366666666666667,0.03804182364418563,True,True,True
6,1.0,0.0,20,pooled_k2,200,1.0,0.0,2.278866730656858,0.05712915365655952,0.043211041833614135,0.0005220660446976117,0.0666054941627257,0.0019443126291317193,0.05484785130253725,0.0014501855509192177,0.08717245592142092,0.004744255977164323,0.2570689476677453,3.935081177621402e-18,0.04321104183361415,0.0005220660446976118,0.0666054941627257,0.0019443126291317195,,,0.043211041833614135,0.0005220660446976117,0.04792061946984752,0.0013292780566530066,0.00470957763623339,0.0011342068258456558,0.1366666666666667,0.03804182364418563,True,True,True
6,1.0,0.6,1,full_k3,200,1.0,0.0,2.4138478953599276,0.08219953518024513,0.05281775498688868,0.0005089182226726866,0.06698904114095175,0.0012420417453072555,0.0777684035245179,0.0011234143872678574,0.09405474539146677,0.0028974132263958514,0.17069673907988142,1.967540588810701e-18,0.044038583499678256,0.0005022907492036025,0.06662419605993276,0.0020010096917083917,0.10583923133259411,0.001331518733857588,0.05281775498688868,0.0005089182226726866,0.05281775498688868,0.0005089182226726866,5.204170427930421e-19,8.066578985853005e-19,0.0,0.0,True,True,True
6,1.0,0.6,1,pooled_k2,200,1.0,0.0,2.4138478953599276,0.08219953518024513,0.045227652932667596,0.0005210783898911131,0.06662419605993276,0.002001009691708392,0.05695030369488329,0.0016991771155929862,0.09168884218292893,0.005088536938451628,0.25604510861982205,3.935081177621402e-18,0.04522765293266759,0.0005210783898911129,0.06662419605993276,0.0020010096917083917,,,0.045227652932667596,0.0005210783898911131,0.04522765293266761,0.0005210783898911132,5.204170427930421e-19,1.4858168250926583e-18,0.0,0.0,True,True,True
6,1.0,0.6,5,full_k3,200,1.0,0.0,2.4138478953599276,0.08219953518024513,0.05281775498688868,0.0005089182226726866,0.06698904114095175,0.0012420417453072555,0.0777684035245179,0.0011234143872678574,0.09405474539146677,0.0028974132263958514,0.17069673907988142,1.967540588810701e-18,0.044038583499678256,0.0005022907492036025,0.06662419605993276,0.0020010096917083917,0.10583923133259411,0.001331518733857588,0.05281775498688868,0.0005089182226726866,0.05567573787476652,0.0009905283471007972,0.002857982887877846,0.0007858782667985026,0.028333333333333332,0.00810921403818775,True,True,True
6,1.0,0.6,5,pooled_k2,200,1.0,0.0,2.4138478953599276,0.08219953518024513,0.045227652932667596,0.0005210783898911131,0.06662419605993276,0.002001009691708392,0.05695030369488329,0.0016991771155929862,0.09168884218292893,0.005088536938451628,0.25604510861982205,3.935081177621402e-18,0.04522765293266759,0.0005210783898911129,0.06662419605993276,0.0020010096917083917,,,0.045227652932667596,0.0005210783898911131,0.04847198609328375,0.001215997322841987,0.0032443331606161418,0.0010419508596087993,0.0225,0.007535279021205177,True,True,True
6,1.0,0.6,20,full_k3,200,1.0,0.0,2.4138478953599276,0.08219953518024513,0.05281775498688868,0.0005089182226726866,0.06698904114095175,0.0012420417453072555,0.0777684035245179,0.0011234143872678574,0.09405474539146677,0.0028974132263958514,0.17069673907988142,1.967540588810701e-18,0.044038583499678256,0.0005022907492036025,0.06662419605993276,0.0020010096917083917,0.10583923133259411,0.001331518733857588,0.05281775498688868,0.0005089182226726866,0.05740259901708363,0.0011626317449307479,0.0045848440301949536,0.000951221174683918,0.13,0.03192502383468707,True,True,True
6,1.0,0.6,20,pooled_k2,200,1.0,0.0,2.4138478953599276,0.08219953518024513,0.045227652932667596,0.0005210783898911131,0.06662419605993276,0.002001009691708392,0.05695030369488329,0.0016991771155929862,0.09168884218292893,0.005088536938451628,0.25604510861982205,3.935081177621402e-18,0.04522765293266759,0.0005210783898911129,0.06662419605993276,0.0020010096917083917,,,0.045227652932667596,0.0005210783898911131,0.05101764082810241,0.0014846601787891782,0.005789987895434801,0.001346963774461978,0.10666666666666667,0.030122585948995254,True,True,True
6,1.0,1.2,1,full_k3,200,1.0,0.0,2.2294260264770815,0.05545754500608023,0.08501373771405245,0.0007282596056823072,0.09763222557749948,0.0015885690847997043,0.13171779079271217,0.0014235980829491932,0.13482144373970886,0.0020912881603616647,0.1864374926139588,1.967540588810701e-18,0.04550945356499285,0.0004879088912609602,0.06663497753804258,0.001910512784791775,0.20603440250936358,0.0020732818069070964,0.08501373771405245,0.0007282596056823072,0.08501373771405245,0.0007282596056823072,5.204170427930421e-19,1.0031774182400597e-18,0.0,0.0,True,True,True
6,1.0,1.2,1,pooled_k2,200,1.0,0.0,2.2294260264770815,0.05545754500608023,0.04975227243230643,0.0005246543233530954,0.06663497753804258,0.001910512784791775,0.06035034563476328,0.001644544049953333,0.08704211480473138,0.004520366921422188,0.2521790792174345,3.935081177621402e-18,0.04975227243230645,0.0005246543233530954,0.06663497753804258,0.001910512784791775,,,0.04975227243230643,0.0005246543233530954,0.04975227243230643,0.0005246543233530954,3.9898639947466565e-19,1.503507420976357e-18,0.0,0.0,True,True,True
6,1.0,1.2,5,full_k3,200,1.0,0.0,2.2294260264770815,0.05545754500608023,0.08501373771405245,0.0007282596056823072,0.09763222557749948,0.0015885690847997043,0.13171779079271217,0.0014235980829491932,0.13482144373970886,0.0020912881603616647,0.1864374926139588,1.967540588810701e-18,0.04550945356499285,0.0004879088912609602,0.06663497753804258,0.001910512784791775,0.20603440250936358,0.0020732818069070964,0.08500194285236823,0.0007267403781903208,0.08799215488773954,0.0010831296951071825,0.0029902120353712987,0.0007462881316424665,0.05,0.01255918428857609,True,True,True
6,1.0,1.2,5,pooled_k2,200,1.0,0.0,2.2294260264770815,0.05545754500608023,0.04975227243230643,0.0005246543233530954,0.06663497753804258,0.001910512784791775,0.06035034563476328,0.001644544049953333,0.08704211480473138,0.004520366921422188,0.2521790792174345,3.935081177621402e-18,0.04975227243230645,0.0005246543233530954,0.06663497753804258,0.001910512784791775,,,0.04975227243230643,0.0005246543233530954,0.05250239134363729,0.0010736275731419611,0.0027501189113308495,0.0009023820829492276,0.015,0.005175588018230395,True,True,True
6,1.0,1.2,20,full_k3,200,1.0,0.0,2.2294260264770815,0.05545754500608023,0.08501373771405245,0.0007282596056823072,0.09763222557749948,0.0015885690847997043,0.13171779079271217,0.0014235980829491932,0.13482144373970886,0.0020912881603616647,0.1864374926139588,1.967540588810701e-18,0.04550945356499285,0.0004879088912609602,0.06663497753804258,0.001910512784791775,0.20603440250936358,0.0020732818069070964,0.08500194285236823,0.0007267403781903208,0.09484988411976626,0.0016528774154534929,0.009847941267398044,0.0013654363298492274,0.6091666666666667,0.08515264891998633,True,True,True
6,1.0,1.2,20,pooled_k2,200,1.0,0.0,2.2294260264770815,0.05545754500608023,0.04975227243230643,0.0005246543233530954,0.06663497753804258,0.001910512784791775,0.06035034563476328,0.001644544049953333,0.08704211480473138,0.004520366921422188,0.2521790792174345,3.935081177621402e-18,0.04975227243230645,0.0005246543233530954,0.06663497753804258,0.001910512784791775,,,0.04975227243230643,0.0005246543233530954,0.059590357212520526,0.0017947379999675047,0.00983808478021409,0.001641873433161373,0.32166666666666666,0.05692558348157737,True,True,True
8,0.0,0.0,1,full_k3,200,0.0,0.0,0.0,0.0,0.021984030880798127,0.00037991229705622564,0.02726663115679923,0.0008567194901618459,0.017946931368827128,0.0005743178091620823,0.0,0.0,0.0,0.0,0.03297604632119719,0.0005698684455843384,0.04089994673519884,0.001285079235242769,0.0,0.0,0.021984030880798127,0.00037991229705622564,0.02198403088079813,0.00037991229705622564,2.2551405187698493e-19,6.217119851901569e-19,0.0,0.0,True,True,True
8,0.0,0.0,1,pooled_k2,200,0.0,0.0,0.0,0.0,0.032976046321197196,0.0005698684455843384,0.04089994673519884,0.0012850792352427686,0.026920397053240692,0.0008614767137431239,0.0,0.0,0.0,0.0,0.03297604632119719,0.0005698684455843383,0.04089994673519884,0.001285079235242769,,,0.032976046321197196,0.0005698684455843384,0.032976046321197196,0.0005698684455843384,1.006139616066548e-18,1.110789498328838e-18,0.0,0.0,True,True,True
8,0.0,0.0,5,full_k3,200,0.0,0.0,0.0,0.0,0.021984030880798127,0.00037991229705622564,0.02726663115679923,0.0008567194901618459,0.017946931368827128,0.0005743178091620823,0.0,0.0,0.0,0.0,0.03297604632119719,0.0005698684455843384,0.04089994673519884,0.001285079235242769,0.0,0.0,0.021984030880798127,0.00037991229705622564,0.022620153554122276,0.0004893252009817935,0.0006361226733241487,0.0002911420569935699,0.011875,0.004901471102623093,True,True,True
8,0.0,0.0,5,pooled_k2,200,0.0,0.0,0.0,0.0,0.032976046321197196,0.0005698684455843384,0.04089994673519884,0.0012850792352427686,0.026920397053240692,0.0008614767137431239,0.0,0.0,0.0,0.0,0.03297604632119719,0.0005698684455843383,0.04089994673519884,0.001285079235242769,,,0.032976046321197196,0.0005698684455843384,0.03393023033118342,0.0007339878014726905,0.0009541840099862239,0.0004367130854903551,0.011875,0.004901471102623093,True,True,True
8,0.0,0.0,20,full_k3,200,0.0,0.0,0.0,0.0,0.021984030880798127,0.00037991229705622564,0.02726663115679923,0.0008567194901618459,0.017946931368827128,0.0005743178091620823,0.0,0.0,0.0,0.0,0.03297604632119719,0.0005698684455843384,0.04089994673519884,0.001285079235242769,0.0,0.0,0.021984030880798127,0.00037991229705622564,0.023134036795888387,0.0005541207461871256,0.0011500059150902598,0.00036039570605198723,0.079375,0.030220835800111263,True,True,True
8,0.0,0.0,20,pooled_k2,200,0.0,0.0,0.0,0.0,0.032976046321197196,0.0005698684455843384,0.04089994673519884,0.0012850792352427686,0.026920397053240692,0.0008614767137431239,0.0,0.0,0.0,0.0,0.03297604632119719,0.0005698684455843383,0.04089994673519884,0.001285079235242769,,,0.032976046321197196,0.0005698684455843384,0.03470105519383258,0.0008311811192806886,0.001725008872635391,0.0005405935590779812,0.079375,0.030220835800111263,True,True,True
8,0.0,0.6,1,full_k3,200,0.0,0.0,0.0,0.0,0.0435654179376844,0.00033807486998831186,0.07598220335266752,0.0008558482633330703,0.10535449784886762,0.0005920283559006667,0.15635384025705648,1.967540588810701e-18,0.07817692012852824,9.837702944053505e-19,0.03460555861149411,0.0005586327413225856,0.04405640368157333,0.0011898152725288488,0.07025050498835783,0.00030371146182765985,0.0435654179376844,0.00033807486998831186,0.0435654179376844,0.0003380748699883118,-8.847089727481716e-19,7.908487957479841e-19,0.0,0.0,True,True,True
8,0.0,0.6,1,pooled_k2,200,0.0,0.0,0.0,0.0,0.03466532000656947,0.0005629918272772992,0.04405640368157333,0.001189815272528849,0.03385757090190471,0.0008512141755182899,0.0,0.0,0.0,0.0,0.03466532000656945,0.0005629918272772991,0.04405640368157333,0.0011898152725288488,,,0.03466532000656947,0.0005629918272772992,0.03466532000656947,0.0005629918272772991,7.719519468096792e-19,1.2180178702454896e-18,0.0,0.0,True,True,True
8,0.0,0.6,5,full_k3,200,0.0,0.0,0.0,0.0,0.0435654179376844,0.00033807486998831186,0.07598220335266752,0.0008558482633330703,0.10535449784886762,0.0005920283559006667,0.15635384025705648,1.967540588810701e-18,0.07817692012852824,9.837702944053505e-19,0.03460555861149411,0.0005586327413225856,0.04405640368157333,0.0011898152725288488,0.07025050498835783,0.00030371146182765985,0.0435654179376844,0.00033807486998831186,0.043773858233607486,0.00041594661354283225,0.0002084402959230903,0.00020844029592309118,0.0025,0.0025000000000000005,True,True,True
8,0.0,0.6,5,pooled_k2,200,0.0,0.0,0.0,0.0,0.03466532000656947,0.0005629918272772992,0.04405640368157333,0.001189815272528849,0.03385757090190471,0.0008512141755182899,0.0,0.0,0.0,0.0,0.03466532000656945,0.0005629918272772991,0.04405640368157333,0.0011898152725288488,,,0.03466532000656947,0.0005629918272772992,0.03507848764733107,0.0006847285817259233,0.000413167640761599,0.00032837702560190827,0.003125,0.0025738922825969345,True,True,True
8,0.0,0.6,20,full_k3,200,0.0,0.0,0.0,0.0,0.0435654179376844,0.00033807486998831186,0.07598220335266752,0.0008558482633330703,0.10535449784886762,0.0005920283559006667,0.15635384025705648,1.967540588810701e-18,0.07817692012852824,9.837702944053505e-19,0.03460555861149411,0.0005586327413225856,0.04405640368157333,0.0011898152725288488,0.07025050498835783,0.00030371146182765985,0.0435654179376844,0.00033807486998831186,0.04395302247741302,0.0004456957344048655,0.00038760453972862637,0.00024859960386186,0.01625,0.011323739349893287,True,True,True
8,0.0,0.6,20,pooled_k2,200,0.0,0.0,0.0,0.0,0.03466532000656947,0.0005629918272772992,0.04405640368157333,0.001189815272528849,0.03385757090190471,0.0008512141755182899,0.0,0.0,0.0,0.0,0.03466532000656945,0.0005629918272772991,0.04405640368157333,0.0011898152725288488,,,0.03466532000656947,0.0005629918272772992,0.03548296290674533,0.0007207236866186351,0.0008176429001758666,0.0003983387149840826,0.0475,0.019982718664539385,True,True,True
8,0.0,1.2,1,full_k3,200,0.0,0.0,0.0,0.0,0.06588062569968026,0.0003324359336889422,0.1182048108295998,0.0012461491466808675,0.19527189495042244,0.0008140809025902518,0.2950440426160856,0.0,0.1475220213080428,0.0,0.038936902693592526,0.0005607625923616962,0.04130676015702619,0.0013030160975295605,0.13311099646233626,0.0005179322169648041,0.06588062569968026,0.0003324359336889422,0.06588062569968026,0.00033243593368894215,1.0755285551056204e-18,9.727611754968451e-19,0.0,0.0,True,True,True
8,0.0,1.2,1,pooled_k2,200,0.0,0.0,0.0,0.0,0.03971815139074172,0.0005966851577824786,0.04130676015702618,0.0013030160975295608,0.04886174684358953,0.0009230004396374358,0.0,0.0,0.0,0.0,0.039718151390741724,0.0005966851577824786,0.04130676015702619,0.0013030160975295605,,,0.03971815139074172,0.0005966851577824786,0.03971815139074171,0.0005966851577824785,-5.551115123125783e-19,1.2382152228292673e-18,0.0,0.0,True,True,True
8,0.0,1.2,5,full_k3,200,0.0,0.0,0.0,0.0,0.06588062569968026,0.0003324359336889422,0.1182048108295998,0.0012461491466808675,0.19527189495042244,0.0008140809025902518,0.2950440426160856,0.0,0.1475220213080428,0.0,0.038936902693592526,0.0005607625923616962,0.04130676015702619,0.0013030160975295605,0.13311099646233626,0.0005179322169648041,0.06587476059165166,0.00033353746644577384,0.0660379583930059,0.00034001651945640075,0.00016319780135423844,0.00010871189863986972,0.005,0.003413504072101168,True,True,True
8,0.0,1.2,5,pooled_k2,200,0.0,0.0,0.0,0.0,0.03971815139074172,0.0005966851577824786,0.04130676015702618,0.0013030160975295608,0.04886174684358953,0.0009230004396374358,0.0,0.0,0.0,0.0,0.039718151390741724,0.0005966851577824786,0.04130676015702619,0.0013030160975295605,,,0.03971815139074172,0.0005966851577824786,0.0401232363942257,0.0006375347098186289,0.0004050850034839881,0.00020208278616334928,0.00875,0.004204082426074223,True,True,True
8,0.0,1.2,20,full_k3,200,0.0,0.0,0.0,0.0,0.06588062569968026,0.0003324359336889422,0.1182048108295998,0.0012461491466808675,0.19527189495042244,0.0008140809025902518,0.2950440426160856,0.0,0.1475220213080428,0.0,0.038936902693592526,0.0005607625923616962,0.04130676015702619,0.0013030160975295605,0.13311099646233626,0.0005179322169648041,0.0658606107085533,0.0003346043033732405,0.06657636743619513,0.00042468687685462403,0.000715756727641853,0.0002680837791968458,0.143125,0.06378329200165071,True,True,True
8,0.0,1.2,20,pooled_k2,200,0.0,0.0,0.0,0.0,0.03971815139074172,0.0005966851577824786,0.04130676015702618,0.0013030160975295608,0.04886174684358953,0.0009230004396374358,0.0,0.0,0.0,0.0,0.039718151390741724,0.0005966851577824786,0.04130676015702619,0.0013030160975295605,,,0.03963670166100194,0.0006035053343175323,0.04163639572040033,0.0009370350735576726,0.0019996940593983996,0.0006534636816433168,0.174375,0.0646969252170278,True,True,True
8,0.05,0.0,1,full_k3,200,0.04999999999999999,0.0,0.11053816611808585,0.0022591821078066635,0.021792724600924993,0.000352606500608718,0.030846985858504636,0.0008530230685686464,0.01750520237253516,0.000612405860216987,0.01233290023481085,0.00022664136750093043,0.007229005005454714,1.2297128680066881e-19,0.032689086901387485,0.0005289097509130771,0.04627047878775696,0.0012795346028529695,0.0,0.0,0.021792724600924993,0.000352606500608718,0.021792724600924993,0.00035260650060871804,8.890457814381136e-19,5.458539280773503e-19,0.0,0.0,True,True,True
8,0.05,0.0,1,pooled_k2,200,0.04999999999999999,0.0,0.11053816611808585,0.0022591821078066635,0.032689086901387485,0.0005289097509130772,0.04627047878775695,0.0012795346028529695,0.026257803558802743,0.0009186087903254805,0.018499350352216275,0.0003399620512513956,0.010843507508182068,0.0,0.032689086901387485,0.0005289097509130771,0.04627047878775696,0.0012795346028529695,,,0.032689086901387485,0.0005289097509130772,0.032689086901387485,0.000528909750913077,-1.3010426069826053e-19,1.2024138145595022e-18,0.0,0.0,True,True,True
8,0.05,0.0,5,full_k3,200,0.04999999999999999,0.0,0.11053816611808585,0.0022591821078066635,0.021792724600924993,0.000352606500608718,0.030846985858504636,0.0008530230685686464,0.01750520237253516,0.000612405860216987,0.01233290023481085,0.00022664136750093043,0.007229005005454714,1.2297128680066881e-19,0.032689086901387485,0.0005289097509130771,0.04627047878775696,0.0012795346028529695,0.0,0.0,0.021792724600924993,0.000352606500608718,0.02204584253763361,0.00040768981773406,0.00025311793670861895,0.0001821112091821774,0.00375,0.0027894610527526855,True,True,True
8,0.05,0.0,5,pooled_k2,200,0.04999999999999999,0.0,0.11053816611808585,0.0022591821078066635,0.032689086901387485,0.0005289097509130772,0.04627047878775695,0.0012795346028529695,0.026257803558802743,0.0009186087903254805,0.018499350352216275,0.0003399620512513956,0.010843507508182068,0.0,0.032689086901387485,0.0005289097509130771,0.04627047878775696,0.0012795346028529695,,,0.032689086901387485,0.0005289097509130772,0.033068763806450414,0.00061153472660109,0.00037967690506292685,0.000273166813773266,0.00375,0.0027894610527526855,True,True,True
8,0.05,0.0,20,full_k3,200,0.04999999999999999,0.0,0.11053816611808585,0.0022591821078066635,0.021792724600924993,0.000352606500608718,0.030846985858504636,0.0008530230685686464,0.01750520237253516,0.000612405860216987,0.01233290023481085,0.00022664136750093043,0.007229005005454714,1.2297128680066881e-19,0.032689086901387485,0.0005289097509130771,0.04627047878775696,0.0012795346028529695,0.0,0.0,0.021792724600924993,0.000352606500608718,0.022585312671675847,0.00047703035162528946,0.0007925880707508568,0.0002883128097904254,0.055,0.02002354142141885,True,True,True
8,0.05,0.0,20,pooled_k2,200,0.04999999999999999,0.0,0.11053816611808585,0.0022591821078066635,0.032689086901387485,0.0005289097509130772,0.04627047878775695,0.0012795346028529695,0.026257803558802743,0.0009186087903254805,0.018499350352216275,0.0003399620512513956,0.010843507508182068,0.0,0.032689086901387485,0.0005289097509130771,0.04627047878775696,0.0012795346028529695,,,0.032689086901387485,0.0005289097509130772,0.033877969007513775,0.0007155455274379342,0.0011888821061262836,0.00043246921468563797,0.055,0.02002354142141885,True,True,True
8,0.05,0.6,1,full_k3,200,0.04999999999999999,0.0,0.10742321642518465,0.0018309668258431858,0.04356913227959154,0.00029449693138017605,0.07154910019655042,0.0010538763510587505,0.10353043080658444,0.0005800382616371211,0.14051753155633656,0.002046008406789564,0.08067324334681154,9.837702944053505e-19,0.035126715468929114,0.0004999598470743968,0.04602500352248467,0.0013246698744580625,0.07148300006187465,0.00025774909128205645,0.04356913227959154,0.00029449693138017605,0.04356913227959154,0.00029449693138017605,1.0408340855860842e-18,7.61628201813416e-19,0.0,0.0,True,True,True
8,0.05,0.6,1,pooled_k2,200,0.04999999999999999,0.0,0.10742321642518465,0.0018309668258431858,0.03518160113378996,0.0005113992355356392,0.046025003522484675,0.0013246698744580625,0.03386424702875133,0.0008841554874236037,0.018810115332681784,0.000277036638049913,0.010567381029253045,0.0,0.03518160113378996,0.0005113992355356393,0.04602500352248467,0.0013246698744580625,,,0.03518160113378996,0.0005113992355356392,0.03518160113378996,0.0005113992355356393,1.3877787807814458e-18,1.2267580070250515e-18,0.0,0.0,True,True,True
8,0.05,0.6,5,full_k3,200,0.04999999999999999,0.0,0.10742321642518465,0.0018309668258431858,0.04356913227959154,0.00029449693138017605,0.07154910019655042,0.0010538763510587505,0.10353043080658444,0.0005800382616371211,0.14051753155633656,0.002046008406789564,0.08067324334681154,9.837702944053505e-19,0.035126715468929114,0.0004999598470743968,0.04602500352248467,0.0013246698744580625,0.07148300006187465,0.00025774909128205645,0.04356913227959154,0.00029449693138017605,0.04363491662097923,0.0003001978423332105,6.578434138768695e-05,6.578434138768592e-05,0.000625,0.0006250000000000001,True,True,True
8,0.05,0.6,5,pooled_k2,200,0.04999999999999999,0.0,0.10742321642518465,0.0018309668258431858,0.03518160113378996,0.0005113992355356392,0.046025003522484675,0.0013246698744580625,0.03386424702875133,0.0008841554874236037,0.018810115332681784,0.000277036638049913,0.010567381029253045,0.0,0.03518160113378996,0.0005113992355356393,0.04602500352248467,0.0013246698744580625,,,0.03518160113378996,0.0005113992355356392,0.0353312644896513,0.0005191022223866348,0.00014966335586133868,0.00011026909970558804,0.0025,0.0019734417553627075,True,True,True
8,0.05,0.6,20,full_k3,200,0.04999999999999999,0.0,0.10742321642518465,0.0018309668258431858,0.04356913227959154,0.00029449693138017605,0.07154910019655042,0.0010538763510587505,0.10353043080658444,0.0005800382616371211,0.14051753155633656,0.002046008406789564,0.08067324334681154,9.837702944053505e-19,0.035126715468929114,0.0004999598470743968,0.04602500352248467,0.0013246698744580625,0.07148300006187465,0.00025774909128205645,0.04356913227959154,0.00029449693138017605,0.04410063726702766,0.0003723171043549424,0.0005315049874361168,0.00025057559042408365,0.041875,0.019759815241212005,True,True,True
8,0.05,0.6,20,pooled_k2,200,0.04999999999999999,0.0,0.10742321642518465,0.0018309668258431858,0.03518160113378996,0.0005113992355356392,0.046025003522484675,0.0013246698744580625,0.03386424702875133,0.0008841554874236037,0.018810115332681784,0.000277036638049913,0.010567381029253045,0.0,0.03518160113378996,0.0005113992355356393,0.04602500352248467,0.0013246698744580625,,,0.03518160113378996,0.0005113992355356392,0.03594733314995349,0.0006556979995934958,0.0007657320161635336,0.0003311099160226102,0.043125,0.019222429760686416,True,True,True
8,0.05,1.2,1,full_k3,200,0.04999999999999999,0.0,0.11151631008627262,0.0029957630831531526,0.06569777745468944,0.0003457612455448233,0.11226143193662436,0.001185847940503114,0.19142294639696872,0.0006987830056950824,0.25403356505407865,0.003925447261358771,0.1490324740473163,1.967540588810701e-18,0.03863959680397648,0.0006238206071783057,0.04933639704451085,0.0012150952893486744,0.13668955840517102,0.00048458277341555475,0.06569777745468944,0.0003457612455448233,0.06569777745468945,0.0003457612455448233,1.0408340855860842e-18,8.558660213852713e-19,0.0,0.0,True,True,True
8,0.05,1.2,1,pooled_k2,200,0.04999999999999999,0.0,0.11151631008627262,0.0029957630831531526,0.03917920250059958,0.0006408166453545277,0.04933639704451085,0.0012150952893486744,0.04625655563191671,0.0008668432256473602,0.021915071115542157,0.00036783448557046517,0.009787998659893785,0.0,0.039179202500599586,0.0006408166453545276,0.04933639704451085,0.0012150952893486744,,,0.03917920250059958,0.0006408166453545277,0.039179202500599586,0.0006408166453545277,1.6913553890773869e-18,1.2016904587476471e-18,0.0,0.0,True,True,True
8,0.05,1.2,5,full_k3,200,0.04999999999999999,0.0,0.11151631008627262,0.0029957630831531526,0.06569777745468944,0.0003457612455448233,0.11226143193662436,0.001185847940503114,0.19142294639696872,0.0006987830056950824,0.25403356505407865,0.003925447261358771,0.1490324740473163,1.967540588810701e-18,0.03863959680397648,0.0006238206071783057,0.04933639704451085,0.0012150952893486744,0.13668955840517102,0.00048458277341555475,0.06569777745468944,0.0003457612455448233,0.06602749271836773,0.0003945286161403973,0.0003297152636782908,0.00017814606903178928,0.01,0.00428272209496642,True,True,True
8,0.05,1.2,5,pooled_k2,200,0.04999999999999999,0.0,0.11151631008627262,0.0029957630831531526,0.03917920250059958,0.0006408166453545277,0.04933639704451085,0.0012150952893486744,0.04625655563191671,0.0008668432256473602,0.021915071115542157,0.00036783448557046517,0.009787998659893785,0.0,0.039179202500599586,0.0006408166453545276,0.04933639704451085,0.0012150952893486744,,,0.03917920250059958,0.0006408166453545277,0.03976396485090042,0.0007259485082202793,0.0005847623503008409,0.00027903986565469904,0.00625,0.003037402933908271,True,True,True
8,0.05,1.2,20,full_k3,200,0.04999999999999999,0.0,0.11151631008627262,0.0029957630831531526,0.06569777745468944,0.0003457612455448233,0.11226143193662436,0.001185847940503114,0.19142294639696872,0.0006987830056950824,0.25403356505407865,0.003925447261358771,0.1490324740473163,1.967540588810701e-18,0.03863959680397648,0.0006238206071783057,0.04933639704451085,0.0012150952893486744,0.13668955840517102,0.00048458277341555475,0.06568017604002384,0.0003453746138553308,0.06685442652881854,0.0004961099331613897,0.001174250488794712,0.00034915258935760746,0.198125,0.0629523673075375,True,True,True
8,0.05,1.2,20,pooled_k2,200,0.04999999999999999,0.0,0.11151631008627262,0.0029957630831531526,0.03917920250059958,0.0006408166453545277,0.04933639704451085,0.0012150952893486744,0.04625655563191671,0.0008668432256473602,0.021915071115542157,0.00036783448557046517,0.009787998659893785,0.0,0.039179202500599586,0.0006408166453545276,0.04933639704451085,0.0012150952893486744,,,0.03912965586478386,0.0006387091901466636,0.04237183211382764,0.0011879016091582652,0.0032421762490437746,0.0008780357033294234,0.188125,0.05989546418573885,True,True,True
8,0.2,0.0,1,full_k3,200,0.2,0.0,0.4388379386286485,0.008300471244959697,0.020353100514270927,0.00029796622496537585,0.035819438083273,0.0008255290260387309,0.015435490669862726,0.0004944700945404647,0.03766118028150414,0.0012768171478811181,0.03362224128386448,0.0,0.030529650771406392,0.0004469493374480638,0.053729157124909506,0.0012382935390580965,0.0,0.0,0.020353100514270927,0.00029796622496537585,0.020353100514270927,0.00029796622496537585,-2.732189474663471e-19,5.853283895236632e-19,0.0,0.0,True,True,True
8,0.2,0.0,1,pooled_k2,200,0.2,0.0,0.4388379386286485,0.008300471244959697,0.030529650771406392,0.0004469493374480637,0.053729157124909506,0.0012382935390580965,0.023153236004794086,0.0007417051418106966,0.05649177042225621,0.0019152257218216769,0.05043336192579671,0.0,0.030529650771406392,0.00044694933744806367,0.053729157124909506,0.0012382935390580965,,,0.030529650771406392,0.0004469493374480637,0.03052965077140639,0.00044694933744806367,-9.80118763926896e-19,1.2373488874515463e-18,0.0,0.0,True,True,True
8,0.2,0.0,5,full_k3,200,0.2,0.0,0.4388379386286485,0.008300471244959697,0.020353100514270927,0.00029796622496537585,0.035819438083273,0.0008255290260387309,0.015435490669862726,0.0004944700945404647,0.03766118028150414,0.0012768171478811181,0.03362224128386448,0.0,0.030529650771406392,0.0004469493374480638,0.053729157124909506,0.0012382935390580965,0.0,0.0,0.020353100514270927,0.00029796622496537585,0.020353100514270927,0.00029796622496537585,-2.732189474663471e-19,5.853283895236632e-19,0.0,0.0,True,True,True
8,0.2,0.0,5,pooled_k2,200,0.2,0.0,0.4388379386286485,0.008300471244959697,0.030529650771406392,0.0004469493374480637,0.053729157124909506,0.0012382935390580965,0.023153236004794086,0.0007417051418106966,0.05649177042225621,0.0019152257218216769,0.05043336192579671,0.0,0.030529650771406392,0.00044694933744806367,0.053729157124909506,0.0012382935390580965,,,0.030529650771406392,0.0004469493374480637,0.03052965077140639,0.00044694933744806367,-9.80118763926896e-19,1.2373488874515463e-18,0.0,0.0,True,True,True
8,0.2,0.0,20,full_k3,200,0.2,0.0,0.4388379386286485,0.008300471244959697,0.020353100514270927,0.00029796622496537585,0.035819438083273,0.0008255290260387309,0.015435490669862726,0.0004944700945404647,0.03766118028150414,0.0012768171478811181,0.03362224128386448,0.0,0.030529650771406392,0.0004469493374480638,0.053729157124909506,0.0012382935390580965,0.0,0.0,0.020353100514270927,0.00029796622496537585,0.020526397965171254,0.00032521302559861614,0.0001732974509003205,0.00011904326158599065,0.03,0.017837731732673695,True,True,True
8,0.2,0.0,20,pooled_k2,200,0.2,0.0,0.4388379386286485,0.008300471244959697,0.030529650771406392,0.0004469493374480637,0.053729157124909506,0.0012382935390580965,0.023153236004794086,0.0007417051418106966,0.05649177042225621,0.0019152257218216769,0.05043336192579671,0.0,0.030529650771406392,0.00044694933744806367,0.053729157124909506,0.0012382935390580965,,,0.030529650771406392,0.0004469493374480637,0.03078959694775687,0.00048781953839792413,0.00025994617635048006,0.0001785648923789859,0.03,0.017837731732673695,True,True,True
8,0.2,0.6,1,full_k3,200,0.2,0.0,0.4403293785774045,0.008073524004184875,0.042126338295995,0.00029097897565120425,0.06450555523304674,0.00087771742614295,0.09543667501974747,0.0005879016303175412,0.1110027641262858,0.0023705295281123296,0.08982777057257295,1.967540588810701e-18,0.032164807098041724,0.0005297353952270299,0.052960210078439186,0.0012153947014974084,0.07608730476135507,0.0004129370380675861,0.042126338295995,0.00029097897565120425,0.042126338295995,0.0002909789756512043,1.3183898417423734e-18,6.697409613154595e-19,0.0,0.0,True,True,True
8,0.2,0.6,1,pooled_k2,200,0.2,0.0,0.4403293785774045,0.008073524004184875,0.03227675794986495,0.0005318147932928086,0.052960210078439186,0.0012153947014974082,0.026196963695293722,0.0007915424303159463,0.05627246720765279,0.0017865839213197674,0.049320126118015076,0.0,0.03227675794986494,0.0005318147932928086,0.052960210078439186,0.0012153947014974084,,,0.03227675794986495,0.0005318147932928086,0.03227675794986494,0.0005318147932928086,-1.3097162243624894e-18,1.3018412935243119e-18,0.0,0.0,True,True,True
8,0.2,0.6,5,full_k3,200,0.2,0.0,0.4403293785774045,0.008073524004184875,0.042126338295995,0.00029097897565120425,0.06450555523304674,0.00087771742614295,0.09543667501974747,0.0005879016303175412,0.1110027641262858,0.0023705295281123296,0.08982777057257295,1.967540588810701e-18,0.032164807098041724,0.0005297353952270299,0.052960210078439186,0.0012153947014974084,0.07608730476135507,0.0004129370380675861,0.042126338295995,0.00029097897565120425,0.042126338295995,0.0002909789756512043,1.3183898417423734e-18,6.697409613154595e-19,0.0,0.0,True,True,True
8,0.2,0.6,5,pooled_k2,200,0.2,0.0,0.4403293785774045,0.008073524004184875,0.03227675794986495,0.0005318147932928086,0.052960210078439186,0.0012153947014974082,0.026196963695293722,0.0007915424303159463,0.05627246720765279,0.0017865839213197674,0.049320126118015076,0.0,0.03227675794986494,0.0005318147932928086,0.052960210078439186,0.0012153947014974084,,,0.03227675794986495,0.0005318147932928086,0.03227675794986494,0.0005318147932928086,-1.3097162243624894e-18,1.3018412935243119e-18,0.0,0.0,True,True,True
8,0.2,0.6,20,full_k3,200,0.2,0.0,0.4403293785774045,0.008073524004184875,0.042126338295995,0.00029097897565120425,0.06450555523304674,0.00087771742614295,0.09543667501974747,0.0005879016303175412,0.1110027641262858,0.0023705295281123296,0.08982777057257295,1.967540588810701e-18,0.032164807098041724,0.0005297353952270299,0.052960210078439186,0.0012153947014974084,0.07608730476135507,0.0004129370380675861,0.04212119985471231,0.00029098943790725214,0.04241296189882251,0.00032941292277107245,0.0002917620441101875,0.0001999240116936656,0.025625,0.015608911314924754,True,True,True
8,0.2,0.6,20,pooled_k2,200,0.2,0.0,0.4403293785774045,0.008073524004184875,0.03227675794986495,0.0005318147932928086,0.052960210078439186,0.0012153947014974082,0.026196963695293722,0.0007915424303159463,0.05627246720765279,0.0017865839213197674,0.049320126118015076,0.0,0.03227675794986494,0.0005318147932928086,0.052960210078439186,0.0012153947014974084,,,0.03227675794986495,0.0005318147932928086,0.03227675794986494,0.0005318147932928086,-1.3097162243624894e-18,1.3018412935243119e-18,0.0,0.0,True,True,True
8,0.2,1.2,1,full_k3,200,0.2,0.0,0.4349754966229682,0.009800508056640825,0.06542807909102734,0.0002606151323271534,0.09780762971301508,0.001275341197626864,0.18002986564086104,0.0007665766783088866,0.1977307273629015,0.003940279098808505,0.15463851897101846,1.967540588810701e-18,0.036964992048864574,0.0005125418014342321,0.054708763141716306,0.0013659825259413553,0.14547460461071096,0.0007243989126411522,0.06542807909102734,0.0002606151323271534,0.06542807909102732,0.00026061513232715337,-2.0816681711721684e-19,8.866357694832796e-19,0.0,0.0,True,True,True
8,0.2,1.2,1,pooled_k2,200,0.2,0.0,0.4349754966229682,0.009800508056640825,0.037804738885902946,0.0005389573513135378,0.0547087631417163,0.0013659825259413553,0.04179468864652746,0.0008700127547304564,0.05939961144962057,0.0019678117041309457,0.04611615297665468,0.0,0.037804738885902946,0.0005389573513135376,0.054708763141716306,0.0013659825259413553,,,0.037804738885902946,0.0005389573513135378,0.037804738885902946,0.0005389573513135379,6.765421556309548e-19,1.2889590775458317e-18,0.0,0.0,True,True,True
8,0.2,1.2,5,full_k3,200,0.2,0.0,0.4349754966229682,0.009800508056640825,0.06542807909102734,0.0002606151323271534,0.09780762971301508,0.001275341197626864,0.18002986564086104,0.0007665766783088866,0.1977307273629015,0.003940279098808505,0.15463851897101846,1.967540588810701e-18,0.036964992048864574,0.0005125418014342321,0.054708763141716306,0.0013659825259413553,0.14547460461071096,0.0007243989126411522,0.06542807909102734,0.0002606151323271534,0.06696251926345695,0.0004809202445706983,0.0015344401724296142,0.0004114481858038278,0.026875,0.006682727069123952,True,True,True
8,0.2,1.2,5,pooled_k2,200,0.2,0.0,0.4349754966229682,0.009800508056640825,0.037804738885902946,0.0005389573513135378,0.0547087631417163,0.0013659825259413553,0.04179468864652746,0.0008700127547304564,0.05939961144962057,0.0019678117041309457,0.04611615297665468,0.0,0.037804738885902946,0.0005389573513135376,0.054708763141716306,0.0013659825259413553,,,0.037804738885902946,0.0005389573513135378,0.03820918675425371,0.0005754447264560115,0.0004044478683507589,0.00020375293197811363,0.0075,0.0037216263262937633,True,True,True
8,0.2,1.2,20,full_k3,200,0.2,0.0,0.4349754966229682,0.009800508056640825,0.06542807909102734,0.0002606151323271534,0.09780762971301508,0.001275341197626864,0.18002986564086104,0.0007665766783088866,0.1977307273629015,0.003940279098808505,0.15463851897101846,1.967540588810701e-18,0.036964992048864574,0.0005125418014342321,0.054708763141716306,0.0013659825259413553,0.14547460461071096,0.0007243989126411522,0.06540262179436962,0.00025959907211096396,0.07049660917107752,0.0008371171783438623,0.0050939873767078935,0.0008221841472856964,0.406875,0.09474657706854654,True,True,True
8,0.2,1.2,20,pooled_k2,200,0.2,0.0,0.4349754966229682,0.009800508056640825,0.037804738885902946,0.0005389573513135378,0.0547087631417163,0.0013659825259413553,0.04179468864652746,0.0008700127547304564,0.05939961144962057,0.0019678117041309457,0.04611615297665468,0.0,0.037804738885902946,0.0005389573513135376,0.054708763141716306,0.0013659825259413553,,,0.037804738885902946,0.0005389573513135378,0.03918316445156212,0.0007900266339859117,0.001378425565659176,0.0005404269080600514,0.073125,0.027940699891504783,True,True,True
8,1.0,0.0,1,full_k3,200,1.0,0.0,1.993749616545851,0.03494881908561066,0.023379593855659624,0.00022864656499436305,0.031934307131764525,0.0007957708332713411,0.028847272858493297,0.0006179988093156744,0.04035991127633017,0.0022591033123295716,0.17137929844516347,1.967540588810701e-18,0.035069390783489446,0.00034296984749154465,0.047901460697646794,0.0011936562499070117,0.0,0.0,0.023379593855659624,0.00022864656499436305,0.02337959385565962,0.00022864656499436297,-1.214306433183765e-19,6.861654555859475e-19,0.0,0.0,True,True,True
8,1.0,0.0,1,pooled_k2,200,1.0,0.0,1.993749616545851,0.03494881908561066,0.03506939078348943,0.0003429698474915445,0.047901460697646794,0.0011936562499070115,0.04327090928773994,0.0009269982139735113,0.060539866914495255,0.003388654968494357,0.2570689476677453,3.935081177621402e-18,0.035069390783489446,0.0003429698474915446,0.047901460697646794,0.0011936562499070117,,,0.03506939078348943,0.0003429698474915445,0.03506939078348943,0.0003429698474915443,1.2143064331837649e-18,1.3586518669845944e-18,0.0,0.0,True,True,True
8,1.0,0.0,5,full_k3,200,1.0,0.0,1.993749616545851,0.03494881908561066,0.023379593855659624,0.00022864656499436305,0.031934307131764525,0.0007957708332713411,0.028847272858493297,0.0006179988093156744,0.04035991127633017,0.0022591033123295716,0.17137929844516347,1.967540588810701e-18,0.035069390783489446,0.00034296984749154465,0.047901460697646794,0.0011936562499070117,0.0,0.0,0.023379593855659624,0.00022864656499436305,0.02337959385565962,0.00022864656499436297,-1.214306433183765e-19,6.861654555859475e-19,0.0,0.0,True,True,True
8,1.0,0.0,5,pooled_k2,200,1.0,0.0,1.993749616545851,0.03494881908561066,0.03506939078348943,0.0003429698474915445,0.047901460697646794,0.0011936562499070115,0.04327090928773994,0.0009269982139735113,0.060539866914495255,0.003388654968494357,0.2570689476677453,3.935081177621402e-18,0.035069390783489446,0.0003429698474915446,0.047901460697646794,0.0011936562499070117,,,0.03506939078348943,0.0003429698474915445,0.03506939078348943,0.0003429698474915443,1.2143064331837649e-18,1.3586518669845944e-18,0.0,0.0,True,True,True
8,1.0,0.0,20,full_k3,200,1.0,0.0,1.993749616545851,0.03494881908561066,0.023379593855659624,0.00022864656499436305,0.031934307131764525,0.0007957708332713411,0.028847272858493297,0.0006179988093156744,0.04035991127633017,0.0022591033123295716,0.17137929844516347,1.967540588810701e-18,0.035069390783489446,0.00034296984749154465,0.047901460697646794,0.0011936562499070117,0.0,0.0,0.023379593855659624,0.00022864656499436305,0.023470706867718932,0.0002470110705833587,9.111301205930823e-05,9.111301205930832e-05,0.003125,0.0031249999999999997,True,True,True
8,1.0,0.0,20,pooled_k2,200,1.0,0.0,1.993749616545851,0.03494881908561066,0.03506939078348943,0.0003429698474915445,0.047901460697646794,0.0011936562499070115,0.04327090928773994,0.0009269982139735113,0.060539866914495255,0.003388654968494357,0.2570689476677453,3.935081177621402e-18,0.035069390783489446,0.0003429698474915446,0.047901460697646794,0.0011936562499070117,,,0.03506939078348943,0.0003429698474915445,0.0352060603015784,0.00037051660587503806,0.00013666951808896367,0.00013666951808896245,0.003125,0.0031249999999999997,True,True,True
8,1.0,0.6,1,full_k3,200,1.0,0.0,2.0113556423348378,0.03463693555268627,0.04143890024223751,0.0002800923240560703,0.05031866051737593,0.0007785464255408201,0.0706677166515047,0.0005032997529974056,0.07424021806646666,0.0016161584332507093,0.17069673907988142,1.967540588810701e-18,0.03482034525899866,0.00034069700704667617,0.04604886910790075,0.001182162306694702,0.07959440595954963,0.0004735683907016966,0.04143890024223751,0.0002800923240560703,0.04143890024223751,0.00028009232405607024,-7.45931094670027e-19,6.662626988716065e-19,0.0,0.0,True,True,True
8,1.0,0.6,1,pooled_k2,200,1.0,0.0,2.0113556423348378,0.03463693555268627,0.03577351318871487,0.00034514950507597654,0.04604886910790075,0.001182162306694702,0.042671567980760654,0.0008185964946541486,0.055018305552023285,0.0031710618370424408,0.25604510861982205,3.935081177621402e-18,0.035773513188714856,0.0003451495050759766,0.04604886910790075,0.001182162306694702,,,0.03577351318871487,0.00034514950507597654,0.03577351318871488,0.0003451495050759765,9.54097911787244e-19,1.321912734824174e-18,0.0,0.0,True,True,True
8,1.0,0.6,5,full_k3,200,1.0,0.0,2.0113556423348378,0.03463693555268627,0.04143890024223751,0.0002800923240560703,0.05031866051737593,0.0007785464255408201,0.0706677166515047,0.0005032997529974056,0.07424021806646666,0.0016161584332507093,0.17069673907988142,1.967540588810701e-18,0.03482034525899866,0.00034069700704667617,0.04604886910790075,0.001182162306694702,0.07959440595954963,0.0004735683907016966,0.04143890024223751,0.0002800923240560703,0.04143890024223751,0.00028009232405607024,-7.45931094670027e-19,6.662626988716065e-19,0.0,0.0,True,True,True
8,1.0,0.6,5,pooled_k2,200,1.0,0.0,2.0113556423348378,0.03463693555268627,0.03577351318871487,0.00034514950507597654,0.04604886910790075,0.001182162306694702,0.042671567980760654,0.0008185964946541486,0.055018305552023285,0.0031710618370424408,0.25604510861982205,3.935081177621402e-18,0.035773513188714856,0.0003451495050759766,0.04604886910790075,0.001182162306694702,,,0.03577351318871487,0.00034514950507597654,0.03577351318871488,0.0003451495050759765,9.54097911787244e-19,1.321912734824174e-18,0.0,0.0,True,True,True
8,1.0,0.6,20,full_k3,200,1.0,0.0,2.0113556423348378,0.03463693555268627,0.04143890024223751,0.0002800923240560703,0.05031866051737593,0.0007785464255408201,0.0706677166515047,0.0005032997529974056,0.07424021806646666,0.0016161584332507093,0.17069673907988142,1.967540588810701e-18,0.03482034525899866,0.00034069700704667617,0.04604886910790075,0.001182162306694702,0.07959440595954963,0.0004735683907016966,0.04143890024223751,0.0002800923240560703,0.04143890024223751,0.00028009232405607024,-7.45931094670027e-19,6.662626988716065e-19,0.0,0.0,True,True,True
8,1.0,0.6,20,pooled_k2,200,1.0,0.0,2.0113556423348378,0.03463693555268627,0.03577351318871487,0.00034514950507597654,0.04604886910790075,0.001182162306694702,0.042671567980760654,0.0008185964946541486,0.055018305552023285,0.0031710618370424408,0.25604510861982205,3.935081177621402e-18,0.035773513188714856,0.0003451495050759766,0.04604886910790075,0.001182162306694702,,,0.03577351318871487,0.00034514950507597654,0.03577351318871488,0.0003451495050759765,9.54097911787244e-19,1.321912734824174e-18,0.0,0.0,True,True,True
8,1.0,1.2,1,full_k3,200,1.0,0.0,1.9959184723153403,0.0316700754732742,0.06558114801005505,0.00028157762929646767,0.07853398580455577,0.0011182038858233137,0.1250791091695268,0.0009101313258613897,0.12424531290875024,0.0015719934496658135,0.1864374926139588,1.967540588810701e-18,0.035268243270366643,0.0003390626922211829,0.050889239642481016,0.0012041942052177508,0.15666703443263597,0.0007433251684872273,0.06558114801005505,0.00028157762929646767,0.06558114801005505,0.0002815776292964677,-1.3877787807814457e-19,8.68786701947727e-19,0.0,0.0,True,True,True
8,1.0,1.2,1,pooled_k2,200,1.0,0.0,1.9959184723153403,0.0316700754732742,0.038728330581181906,0.0003552907020361938,0.050889239642481016,0.0012041942052177508,0.04480282365674725,0.0009689192204915495,0.060406299825754885,0.003450297324076909,0.2521790792174345,3.935081177621402e-18,0.03872833058118191,0.00035529070203619374,0.050889239642481016,0.0012041942052177508,,,0.038728330581181906,0.0003552907020361938,0.03872833058118191,0.0003552907020361938,1.0581813203458523e-18,1.2238448190698851e-18,0.0,0.0,True,True,True
8,1.0,1.2,5,full_k3,200,1.0,0.0,1.9959184723153403,0.0316700754732742,0.06558114801005505,0.00028157762929646767,0.07853398580455577,0.0011182038858233137,0.1250791091695268,0.0009101313258613897,0.12424531290875024,0.0015719934496658135,0.1864374926139588,1.967540588810701e-18,0.035268243270366643,0.0003390626922211829,0.050889239642481016,0.0012041942052177508,0.15666703443263597,0.0007433251684872273,0.06558114801005505,0.00028157762929646767,0.06558114801005505,0.0002815776292964677,-1.3877787807814457e-19,8.68786701947727e-19,0.0,0.0,True,True,True
8,1.0,1.2,5,pooled_k2,200,1.0,0.0,1.9959184723153403,0.0316700754732742,0.038728330581181906,0.0003552907020361938,0.050889239642481016,0.0012041942052177508,0.04480282365674725,0.0009689192204915495,0.060406299825754885,0.003450297324076909,0.2521790792174345,3.935081177621402e-18,0.03872833058118191,0.00035529070203619374,0.050889239642481016,0.0012041942052177508,,,0.038728330581181906,0.0003552907020361938,0.03872833058118191,0.0003552907020361938,1.0581813203458523e-18,1.2238448190698851e-18,0.0,0.0,True,True,True
8,1.0,1.2,20,full_k3,200,1.0,0.0,1.9959184723153403,0.0316700754732742,0.06558114801005505,0.00028157762929646767,0.07853398580455577,0.0011182038858233137,0.1250791091695268,0.0009101313258613897,0.12424531290875024,0.0015719934496658135,0.1864374926139588,1.967540588810701e-18,0.035268243270366643,0.0003390626922211829,0.050889239642481016,0.0012041942052177508,0.15666703443263597,0.0007433251684872273,0.06558114801005505,0.00028157762929646767,0.06580258381312876,0.0003350134581979695,0.0002214358030736914,0.00019199501916650853,0.014375,0.010378268843886243,True,True,True
8,1.0,1.2,20,pooled_k2,200,1.0,0.0,1.9959184723153403,0.0316700754732742,0.038728330581181906,0.0003552907020361938,0.050889239642481016,0.0012041942052177508,0.04480282365674725,0.0009689192204915495,0.060406299825754885,0.003450297324076909,0.2521790792174345,3.935081177621402e-18,0.03872833058118191,0.00035529070203619374,0.050889239642481016,0.0012041942052177508,,,0.038728330581181906,0.0003552907020361938,0.0390690216904897,0.0004712492876653819,0.00034069110930779687,0.00034069110930779584,0.005625,0.005625,True,True,True
12,0.0,0.0,1,full_k3,200,0.0,0.0,0.0,0.0,0.01831499993060816,0.00023556344328143719,0.0189268007196365,0.0004153575688394876,0.018502558490500146,0.00046879846890630217,0.0,0.0,0.0,0.0,0.027472499895912238,0.0003533451649221558,0.028390201079454745,0.0006230363532592314,0.0,0.0,0.01831499993060816,0.00023556344328143719,0.01831499993060816,0.0002355634432814373,-2.9490299091605723e-19,5.887371559714965e-19,0.0,0.0,True,True,True
12,0.0,0.0,1,pooled_k2,200,0.0,0.0,0.0,0.0,0.02747249989591224,0.00035334516492215593,0.028390201079454752,0.0006230363532592313,0.02775383773575022,0.0007031977033594535,0.0,0.0,0.0,0.0,0.027472499895912238,0.00035334516492215593,0.028390201079454745,0.0006230363532592314,,,0.02747249989591224,0.00035334516492215593,0.02747249989591224,0.0003533451649221558,-2.3418766925686897e-18,1.2141040526687616e-18,0.0,0.0,True,True,True
12,0.0,0.0,5,full_k3,200,0.0,0.0,0.0,0.0,0.01831499993060816,0.00023556344328143719,0.0189268007196365,0.0004153575688394876,0.018502558490500146,0.00046879846890630217,0.0,0.0,0.0,0.0,0.027472499895912238,0.0003533451649221558,0.028390201079454745,0.0006230363532592314,0.0,0.0,0.01831499993060816,0.00023556344328143719,0.01831499993060816,0.0002355634432814373,-2.9490299091605723e-19,5.887371559714965e-19,0.0,0.0,True,True,True
12,0.0,0.0,5,pooled_k2,200,0.0,0.0,0.0,0.0,0.02747249989591224,0.00035334516492215593,0.028390201079454752,0.0006230363532592313,0.02775383773575022,0.0007031977033594535,0.0,0.0,0.0,0.0,0.027472499895912238,0.00035334516492215593,0.028390201079454745,0.0006230363532592314,,,0.02747249989591224,0.00035334516492215593,0.02747249989591224,0.0003533451649221558,-2.3418766925686897e-18,1.2141040526687616e-18,0.0,0.0,True,True,True
12,0.0,0.0,20,full_k3,200,0.0,0.0,0.0,0.0,0.01831499993060816,0.00023556344328143719,0.0189268007196365,0.0004153575688394876,0.018502558490500146,0.00046879846890630217,0.0,0.0,0.0,0.0,0.027472499895912238,0.0003533451649221558,0.028390201079454745,0.0006230363532592314,0.0,0.0,0.01831499993060816,0.00023556344328143719,0.01831499993060816,0.0002355634432814373,-2.9490299091605723e-19,5.887371559714965e-19,0.0,0.0,True,True,True
12,0.0,0.0,20,pooled_k2,200,0.0,0.0,0.0,0.0,0.02747249989591224,0.00035334516492215593,0.028390201079454752,0.0006230363532592313,0.02775383773575022,0.0007031977033594535,0.0,0.0,0.0,0.0,0.027472499895912238,0.00035334516492215593,0.028390201079454745,0.0006230363532592314,,,0.02747249989591224,0.00035334516492215593,0.02747249989591224,0.0003533451649221558,-2.3418766925686897e-18,1.2141040526687616e-18,0.0,0.0,True,True,True
12,0.0,0.6,1,full_k3,200,0.0,0.0,0.0,0.0,0.03154766652610566,0.00022762954859356752,0.050315568373665936,0.0005560906568602789,0.09902133689427486,0.00036479591858498266,0.15635384025705648,1.967540588810701e-18,0.07817692012852824,9.837702944053505e-19,0.028235454543782037,0.0003759554043801288,0.02852781625119357,0.0006488841303193846,0.043841379468945174,0.00011684624985214933,0.03154766652610566,0.00022762954859356752,0.03154766652610566,0.00022762954859356757,-1.0234868508263161e-18,7.563673860423425e-19,0.0,0.0,True,True,True
12,0.0,0.6,1,pooled_k2,200,0.0,0.0,0.0,0.0,0.028244304307988365,0.0003769473043445354,0.02852781625119357,0.0006488841303193847,0.033199524776723846,0.0006774552490180456,0.0,0.0,0.0,0.0,0.02824430430798836,0.0003769473043445354,0.02852781625119357,0.0006488841303193846,,,0.028244304307988365,0.0003769473043445354,0.02824430430798837,0.00037694730434453534,1.3357370765021415e-18,1.187211830016114e-18,0.0,0.0,True,True,True
12,0.0,0.6,5,full_k3,200,0.0,0.0,0.0,0.0,0.03154766652610566,0.00022762954859356752,0.050315568373665936,0.0005560906568602789,0.09902133689427486,0.00036479591858498266,0.15635384025705648,1.967540588810701e-18,0.07817692012852824,9.837702944053505e-19,0.028235454543782037,0.0003759554043801288,0.02852781625119357,0.0006488841303193846,0.043841379468945174,0.00011684624985214933,0.03154766652610566,0.00022762954859356752,0.03154766652610566,0.00022762954859356757,-1.0234868508263161e-18,7.563673860423425e-19,0.0,0.0,True,True,True
12,0.0,0.6,5,pooled_k2,200,0.0,0.0,0.0,0.0,0.028244304307988365,0.0003769473043445354,0.02852781625119357,0.0006488841303193847,0.033199524776723846,0.0006774552490180456,0.0,0.0,0.0,0.0,0.02824430430798836,0.0003769473043445354,0.02852781625119357,0.0006488841303193846,,,0.028244304307988365,0.0003769473043445354,0.02824430430798837,0.00037694730434453534,1.3357370765021415e-18,1.187211830016114e-18,0.0,0.0,True,True,True
12,0.0,0.6,20,full_k3,200,0.0,0.0,0.0,0.0,0.03154766652610566,0.00022762954859356752,0.050315568373665936,0.0005560906568602789,0.09902133689427486,0.00036479591858498266,0.15635384025705648,1.967540588810701e-18,0.07817692012852824,9.837702944053505e-19,0.028235454543782037,0.0003759554043801288,0.02852781625119357,0.0006488841303193846,0.043841379468945174,0.00011684624985214933,0.03154766652610566,0.00022762954859356752,0.03154766652610566,0.00022762954859356757,-1.0234868508263161e-18,7.563673860423425e-19,0.0,0.0,True,True,True
12,0.0,0.6,20,pooled_k2,200,0.0,0.0,0.0,0.0,0.028244304307988365,0.0003769473043445354,0.02852781625119357,0.0006488841303193847,0.033199524776723846,0.0006774552490180456,0.0,0.0,0.0,0.0,0.02824430430798836,0.0003769473043445354,0.02852781625119357,0.0006488841303193846,,,0.028244304307988365,0.0003769473043445354,0.02824430430798837,0.00037694730434453534,1.3357370765021415e-18,1.187211830016114e-18,0.0,0.0,True,True,True
12,0.0,1.2,1,full_k3,200,0.0,0.0,0.0,0.0,0.045943131637369274,0.00020362670274724813,0.07955653425208131,0.0007867051546074954,0.18344755916239017,0.0004688523301278211,0.2950440426160856,0.0,0.1475220213080428,0.0,0.031923898334876834,0.0003203533976992237,0.027801398626215567,0.0006534478870731671,0.0828526889117746,0.00017265901039835552,0.045943131637369274,0.00020362670274724813,0.045943131637369274,0.00020362670274724816,-4.85722573273506e-19,8.164552619073134e-19,0.0,0.0,True,True,True
12,0.0,1.2,1,pooled_k2,200,0.0,0.0,0.0,0.0,0.03209776439804158,0.0003386565227554237,0.02780139862621556,0.000653447887073167,0.05015721510646183,0.0006230279242878723,0.0,0.0,0.0,0.0,0.03209776439804158,0.0003386565227554237,0.027801398626215567,0.0006534478870731671,,,0.03209776439804158,0.0003386565227554237,0.03209776439804158,0.00033865652275542375,3.4694469519536144e-19,1.2781917361083311e-18,0.0,0.0,True,True,True
12,0.0,1.2,5,full_k3,200,0.0,0.0,0.0,0.0,0.045943131637369274,0.00020362670274724813,0.07955653425208131,0.0007867051546074954,0.18344755916239017,0.0004688523301278211,0.2950440426160856,0.0,0.1475220213080428,0.0,0.031923898334876834,0.0003203533976992237,0.027801398626215567,0.0006534478870731671,0.0828526889117746,0.00017265901039835552,0.045943131637369274,0.00020362670274724813,0.045943131637369274,0.00020362670274724816,-4.85722573273506e-19,8.164552619073134e-19,0.0,0.0,True,True,True
12,0.0,1.2,5,pooled_k2,200,0.0,0.0,0.0,0.0,0.03209776439804158,0.0003386565227554237,0.02780139862621556,0.000653447887073167,0.05015721510646183,0.0006230279242878723,0.0,0.0,0.0,0.0,0.03209776439804158,0.0003386565227554237,0.027801398626215567,0.0006534478870731671,,,0.03209776439804158,0.0003386565227554237,0.03209776439804158,0.00033865652275542375,3.4694469519536144e-19,1.2781917361083311e-18,0.0,0.0,True,True,True
12,0.0,1.2,20,full_k3,200,0.0,0.0,0.0,0.0,0.045943131637369274,0.00020362670274724813,0.07955653425208131,0.0007867051546074954,0.18344755916239017,0.0004688523301278211,0.2950440426160856,0.0,0.1475220213080428,0.0,0.031923898334876834,0.0003203533976992237,0.027801398626215567,0.0006534478870731671,0.0828526889117746,0.00017265901039835552,0.045943131637369274,0.00020362670274724813,0.045943131637369274,0.00020362670274724816,-4.85722573273506e-19,8.164552619073134e-19,0.0,0.0,True,True,True
12,0.0,1.2,20,pooled_k2,200,0.0,0.0,0.0,0.0,0.03209776439804158,0.0003386565227554237,0.02780139862621556,0.000653447887073167,0.05015721510646183,0.0006230279242878723,0.0,0.0,0.0,0.0,0.03209776439804158,0.0003386565227554237,0.027801398626215567,0.0006534478870731671,,,0.03209776439804158,0.0003386565227554237,0.03209776439804158,0.00033865652275542375,3.4694469519536144e-19,1.2781917361083311e-18,0.0,0.0,True,True,True
12,0.05,0.0,1,full_k3,200,0.04999999999999999,0.0,0.0994209734726974,0.0012377776631598276,0.018610789048293302,0.00021202972434880682,0.019909283792998417,0.000427111863071147,0.017730642374802624,0.00046459600865334866,0.010927413136196868,0.00026746617126195796,0.007229005005454714,1.2297128680066881e-19,0.02791618357243995,0.0003180445865232101,0.029863925689497625,0.0006406677946067204,0.0,0.0,0.018610789048293302,0.00021202972434880682,0.018610789048293302,0.0002120297243488068,2.42861286636753e-19,5.829202189368682e-19,0.0,0.0,True,True,True
12,0.05,0.0,1,pooled_k2,200,0.04999999999999999,0.0,0.0994209734726974,0.0012377776631598276,0.02791618357243995,0.00031804458652321023,0.029863925689497625,0.0006406677946067204,0.026595963562203933,0.0006968940129800229,0.016391119704295302,0.0004011992568929369,0.010843507508182068,0.0,0.02791618357243995,0.0003180445865232101,0.029863925689497625,0.0006406677946067204,,,0.02791618357243995,0.00031804458652321023,0.02791618357243995,0.00031804458652321023,-2.0729945537922846e-18,1.139174666971207e-18,0.0,0.0,True,True,True
12,0.05,0.0,5,full_k3,200,0.04999999999999999,0.0,0.0994209734726974,0.0012377776631598276,0.018610789048293302,0.00021202972434880682,0.019909283792998417,0.000427111863071147,0.017730642374802624,0.00046459600865334866,0.010927413136196868,0.00026746617126195796,0.007229005005454714,1.2297128680066881e-19,0.02791618357243995,0.0003180445865232101,0.029863925689497625,0.0006406677946067204,0.0,0.0,0.018610789048293302,0.00021202972434880682,0.018610789048293302,0.0002120297243488068,2.42861286636753e-19,5.829202189368682e-19,0.0,0.0,True,True,True
12,0.05,0.0,5,pooled_k2,200,0.04999999999999999,0.0,0.0994209734726974,0.0012377776631598276,0.02791618357243995,0.00031804458652321023,0.029863925689497625,0.0006406677946067204,0.026595963562203933,0.0006968940129800229,0.016391119704295302,0.0004011992568929369,0.010843507508182068,0.0,0.02791618357243995,0.0003180445865232101,0.029863925689497625,0.0006406677946067204,,,0.02791618357243995,0.00031804458652321023,0.02791618357243995,0.00031804458652321023,-2.0729945537922846e-18,1.139174666971207e-18,0.0,0.0,True,True,True
12,0.05,0.0,20,full_k3,200,0.04999999999999999,0.0,0.0994209734726974,0.0012377776631598276,0.018610789048293302,0.00021202972434880682,0.019909283792998417,0.000427111863071147,0.017730642374802624,0.00046459600865334866,0.010927413136196868,0.00026746617126195796,0.007229005005454714,1.2297128680066881e-19,0.02791618357243995,0.0003180445865232101,0.029863925689497625,0.0006406677946067204,0.0,0.0,0.018610789048293302,0.00021202972434880682,0.018610789048293302,0.0002120297243488068,2.42861286636753e-19,5.829202189368682e-19,0.0,0.0,True,True,True
12,0.05,0.0,20,pooled_k2,200,0.04999999999999999,0.0,0.0994209734726974,0.0012377776631598276,0.02791618357243995,0.00031804458652321023,0.029863925689497625,0.0006406677946067204,0.026595963562203933,0.0006968940129800229,0.016391119704295302,0.0004011992568929369,0.010843507508182068,0.0,0.02791618357243995,0.0003180445865232101,0.029863925689497625,0.0006406677946067204,,,0.02791618357243995,0.00031804458652321023,0.02791618357243995,0.00031804458652321023,-2.0729945537922846e-18,1.139174666971207e-18,0.0,0.0,True,True,True
12,0.05,0.6,1,full_k3,200,0.04999999999999999,0.0,0.09998744526441548,0.001306933175720479,0.03179742659355692,0.00020928734250122934,0.04700782331200219,0.0005308200504829037,0.0972300380080064,0.00035298970484738755,0.12931199532496243,0.002291977801438017,0.08067324334681154,9.837702944053505e-19,0.02887519051376186,0.00033811941249341075,0.030611428656989556,0.0006284367959509274,0.044520752079422826,9.404420226696844e-05,0.03179742659355692,0.00020928734250122934,0.03179742659355693,0.00020928734250122942,8.326672684688674e-19,7.24274781314028e-19,0.0,0.0,True,True,True
12,0.05,0.6,1,pooled_k2,200,0.04999999999999999,0.0,0.09998744526441548,0.001306933175720479,0.028859572023986844,0.0003379106080845909,0.03061142865698956,0.0006284367959509274,0.032327525637222715,0.0006703454016840858,0.017658403727612973,0.00033416141090324207,0.010567381029253045,0.0,0.028859572023986847,0.00033791060808459073,0.030611428656989556,0.0006284367959509274,,,0.028859572023986844,0.0003379106080845909,0.02885957202398684,0.00033791060808459084,-4.77048955893622e-19,1.2276783158449233e-18,0.0,0.0,True,True,True
12,0.05,0.6,5,full_k3,200,0.04999999999999999,0.0,0.09998744526441548,0.001306933175720479,0.03179742659355692,0.00020928734250122934,0.04700782331200219,0.0005308200504829037,0.0972300380080064,0.00035298970484738755,0.12931199532496243,0.002291977801438017,0.08067324334681154,9.837702944053505e-19,0.02887519051376186,0.00033811941249341075,0.030611428656989556,0.0006284367959509274,0.044520752079422826,9.404420226696844e-05,0.03179742659355692,0.00020928734250122934,0.03179742659355693,0.00020928734250122942,8.326672684688674e-19,7.24274781314028e-19,0.0,0.0,True,True,True
12,0.05,0.6,5,pooled_k2,200,0.04999999999999999,0.0,0.09998744526441548,0.001306933175720479,0.028859572023986844,0.0003379106080845909,0.03061142865698956,0.0006284367959509274,0.032327525637222715,0.0006703454016840858,0.017658403727612973,0.00033416141090324207,0.010567381029253045,0.0,0.028859572023986847,0.00033791060808459073,0.030611428656989556,0.0006284367959509274,,,0.028859572023986844,0.0003379106080845909,0.02885957202398684,0.00033791060808459084,-4.77048955893622e-19,1.2276783158449233e-18,0.0,0.0,True,True,True
12,0.05,0.6,20,full_k3,200,0.04999999999999999,0.0,0.09998744526441548,0.001306933175720479,0.03179742659355692,0.00020928734250122934,0.04700782331200219,0.0005308200504829037,0.0972300380080064,0.00035298970484738755,0.12931199532496243,0.002291977801438017,0.08067324334681154,9.837702944053505e-19,0.02887519051376186,0.00033811941249341075,0.030611428656989556,0.0006284367959509274,0.044520752079422826,9.404420226696844e-05,0.03179742659355692,0.00020928734250122934,0.03179742659355693,0.00020928734250122942,8.326672684688674e-19,7.24274781314028e-19,0.0,0.0,True,True,True
12,0.05,0.6,20,pooled_k2,200,0.04999999999999999,0.0,0.09998744526441548,0.001306933175720479,0.028859572023986844,0.0003379106080845909,0.03061142865698956,0.0006284367959509274,0.032327525637222715,0.0006703454016840858,0.017658403727612973,0.00033416141090324207,0.010567381029253045,0.0,0.028859572023986847,0.00033791060808459073,0.030611428656989556,0.0006284367959509274,,,0.028859572023986844,0.0003379106080845909,0.02885957202398684,0.00033791060808459084,-4.77048955893622e-19,1.2276783158449233e-18,0.0,0.0,True,True,True
12,0.05,1.2,1,full_k3,200,0.04999999999999999,0.0,0.09763418993693045,0.001232134515428217,0.04587959899172168,0.00020275489081609586,0.0725019018846092,0.0007727078798864783,0.1803100874288695,0.00040390105233694497,0.23587397868573906,0.0041645631574877455,0.1490324740473163,1.967540588810701e-18,0.03224062361212701,0.0003298544100481859,0.032654141910810536,0.0006388005995457438,0.08429823382938899,0.00014037905156774738,0.04587959899172168,0.00020275489081609586,0.04587959899172168,0.00020275489081609578,-4.163336342344337e-19,7.925916800644671e-19,0.0,0.0,True,True,True
12,0.05,1.2,1,pooled_k2,200,0.04999999999999999,0.0,0.09763418993693045,0.001232134515428217,0.03237930905454142,0.0003422453407506139,0.03265414191081053,0.0006388005995457439,0.049171092897999404,0.0005741766914439289,0.023364104318852844,0.00042249346016431797,0.009787998659893785,0.0,0.03237930905454142,0.0003422453407506138,0.032654141910810536,0.0006388005995457438,,,0.03237930905454142,0.0003422453407506139,0.032379309054541415,0.0003422453407506139,-1.0408340855860842e-18,1.0350063013411513e-18,0.0,0.0,True,True,True
12,0.05,1.2,5,full_k3,200,0.04999999999999999,0.0,0.09763418993693045,0.001232134515428217,0.04587959899172168,0.00020275489081609586,0.0725019018846092,0.0007727078798864783,0.1803100874288695,0.00040390105233694497,0.23587397868573906,0.0041645631574877455,0.1490324740473163,1.967540588810701e-18,0.03224062361212701,0.0003298544100481859,0.032654141910810536,0.0006388005995457438,0.08429823382938899,0.00014037905156774738,0.04587959899172168,0.00020275489081609586,0.04587959899172168,0.00020275489081609578,-4.163336342344337e-19,7.925916800644671e-19,0.0,0.0,True,True,True
12,0.05,1.2,5,pooled_k2,200,0.04999999999999999,0.0,0.09763418993693045,0.001232134515428217,0.03237930905454142,0.0003422453407506139,0.03265414191081053,0.0006388005995457439,0.049171092897999404,0.0005741766914439289,0.023364104318852844,0.00042249346016431797,0.009787998659893785,0.0,0.03237930905454142,0.0003422453407506138,0.032654141910810536,0.0006388005995457438,,,0.03237930905454142,0.0003422453407506139,0.032379309054541415,0.0003422453407506139,-1.0408340855860842e-18,1.0350063013411513e-18,0.0,0.0,True,True,True
12,0.05,1.2,20,full_k3,200,0.04999999999999999,0.0,0.09763418993693045,0.001232134515428217,0.04587959899172168,0.00020275489081609586,0.0725019018846092,0.0007727078798864783,0.1803100874288695,0.00040390105233694497,0.23587397868573906,0.0041645631574877455,0.1490324740473163,1.967540588810701e-18,0.03224062361212701,0.0003298544100481859,0.032654141910810536,0.0006388005995457438,0.08429823382938899,0.00014037905156774738,0.04587959899172168,0.00020275489081609586,0.04587959899172168,0.00020275489081609578,-4.163336342344337e-19,7.925916800644671e-19,0.0,0.0,True,True,True
12,0.05,1.2,20,pooled_k2,200,0.04999999999999999,0.0,0.09763418993693045,0.001232134515428217,0.03237930905454142,0.0003422453407506139,0.03265414191081053,0.0006388005995457439,0.049171092897999404,0.0005741766914439289,0.023364104318852844,0.00042249346016431797,0.009787998659893785,0.0,0.03237930905454142,0.0003422453407506138,0.032654141910810536,0.0006388005995457438,,,0.03237930905454142,0.0003422453407506139,0.032379309054541415,0.0003422453407506139,-1.0408340855860842e-18,1.0350063013411513e-18,0.0,0.0,True,True,True
12,0.2,0.0,1,full_k3,200,0.2,0.0,0.3927104839812738,0.004782409240418846,0.017699509293864886,0.0002032707487479969,0.021502247541873163,0.00041785540244412784,0.01389196275396544,0.00040432773814443306,0.028501466750285816,0.0011024521059282396,0.03362224128386448,0.0,0.02654926394079733,0.0003049061231219953,0.03225337131280974,0.0006267831036661916,0.0,0.0,0.017699509293864886,0.0002032707487479969,0.01769950929386489,0.00020327074874799681,1.1275702593849246e-19,6.319668390342389e-19,0.0,0.0,True,True,True
12,0.2,0.0,1,pooled_k2,200,0.2,0.0,0.3927104839812738,0.004782409240418846,0.026549263940797332,0.0003049061231219953,0.03225337131280974,0.0006267831036661917,0.02083794413094816,0.0006064916072166495,0.04275220012542873,0.001653678158892359,0.05043336192579671,0.0,0.026549263940797325,0.00030490612312199537,0.03225337131280974,0.0006267831036661916,,,0.026549263940797332,0.0003049061231219953,0.02654926394079733,0.0003049061231219953,1.0234868508263161e-18,1.1052505747695344e-18,0.0,0.0,True,True,True
12,0.2,0.0,5,full_k3,200,0.2,0.0,0.3927104839812738,0.004782409240418846,0.017699509293864886,0.0002032707487479969,0.021502247541873163,0.00041785540244412784,0.01389196275396544,0.00040432773814443306,0.028501466750285816,0.0011024521059282396,0.03362224128386448,0.0,0.02654926394079733,0.0003049061231219953,0.03225337131280974,0.0006267831036661916,0.0,0.0,0.017699509293864886,0.0002032707487479969,0.01769950929386489,0.00020327074874799681,1.1275702593849246e-19,6.319668390342389e-19,0.0,0.0,True,True,True
12,0.2,0.0,5,pooled_k2,200,0.2,0.0,0.3927104839812738,0.004782409240418846,0.026549263940797332,0.0003049061231219953,0.03225337131280974,0.0006267831036661917,0.02083794413094816,0.0006064916072166495,0.04275220012542873,0.001653678158892359,0.05043336192579671,0.0,0.026549263940797325,0.00030490612312199537,0.03225337131280974,0.0006267831036661916,,,0.026549263940797332,0.0003049061231219953,0.02654926394079733,0.0003049061231219953,1.0234868508263161e-18,1.1052505747695344e-18,0.0,0.0,True,True,True
12,0.2,0.0,20,full_k3,200,0.2,0.0,0.3927104839812738,0.004782409240418846,0.017699509293864886,0.0002032707487479969,0.021502247541873163,0.00041785540244412784,0.01389196275396544,0.00040432773814443306,0.028501466750285816,0.0011024521059282396,0.03362224128386448,0.0,0.02654926394079733,0.0003049061231219953,0.03225337131280974,0.0006267831036661916,0.0,0.0,0.017699509293864886,0.0002032707487479969,0.01769950929386489,0.00020327074874799681,1.1275702593849246e-19,6.319668390342389e-19,0.0,0.0,True,True,True
12,0.2,0.0,20,pooled_k2,200,0.2,0.0,0.3927104839812738,0.004782409240418846,0.026549263940797332,0.0003049061231219953,0.03225337131280974,0.0006267831036661917,0.02083794413094816,0.0006064916072166495,0.04275220012542873,0.001653678158892359,0.05043336192579671,0.0,0.026549263940797325,0.00030490612312199537,0.03225337131280974,0.0006267831036661916,,,0.026549263940797332,0.0003049061231219953,0.02654926394079733,0.0003049061231219953,1.0234868508263161e-18,1.1052505747695344e-18,0.0,0.0,True,True,True
12,0.2,0.6,1,full_k3,200,0.2,0.0,0.3900994469725268,0.0045854970495135625,0.03101877753557718,0.0001833815472337355,0.0419955453949806,0.0005427895551901924,0.08964591197107544,0.00027530946296454523,0.09737329953218761,0.0016852565019263796,0.08982777057257295,1.967540588810701e-18,0.027749930585206393,0.0002986397855029326,0.03334524016567963,0.0006260214619607762,0.04617300036290211,8.644238098269072e-05,0.03101877753557718,0.0001833815472337355,0.031018777535577184,0.00018338154723373555,-4.163336342344337e-19,6.126685713802203e-19,0.0,0.0,True,True,True
12,0.2,0.6,1,pooled_k2,200,0.2,0.0,0.3900994469725268,0.0045854970495135625,0.027813857442203528,0.00029774942557358016,0.03334524016567963,0.0006260214619607762,0.025219547736251107,0.0005883247744706791,0.04450815267082552,0.0017041148113639824,0.049320126118015076,0.0,0.027813857442203528,0.00029774942557358027,0.03334524016567963,0.0006260214619607762,,,0.027813857442203528,0.00029774942557358016,0.027813857442203528,0.00029774942557358016,-8.847089727481716e-19,1.0877218707992426e-18,0.0,0.0,True,True,True
12,0.2,0.6,5,full_k3,200,0.2,0.0,0.3900994469725268,0.0045854970495135625,0.03101877753557718,0.0001833815472337355,0.0419955453949806,0.0005427895551901924,0.08964591197107544,0.00027530946296454523,0.09737329953218761,0.0016852565019263796,0.08982777057257295,1.967540588810701e-18,0.027749930585206393,0.0002986397855029326,0.03334524016567963,0.0006260214619607762,0.04617300036290211,8.644238098269072e-05,0.03101877753557718,0.0001833815472337355,0.031018777535577184,0.00018338154723373555,-4.163336342344337e-19,6.126685713802203e-19,0.0,0.0,True,True,True
12,0.2,0.6,5,pooled_k2,200,0.2,0.0,0.3900994469725268,0.0045854970495135625,0.027813857442203528,0.00029774942557358016,0.03334524016567963,0.0006260214619607762,0.025219547736251107,0.0005883247744706791,0.04450815267082552,0.0017041148113639824,0.049320126118015076,0.0,0.027813857442203528,0.00029774942557358027,0.03334524016567963,0.0006260214619607762,,,0.027813857442203528,0.00029774942557358016,0.027813857442203528,0.00029774942557358016,-8.847089727481716e-19,1.0877218707992426e-18,0.0,0.0,True,True,True
12,0.2,0.6,20,full_k3,200,0.2,0.0,0.3900994469725268,0.0045854970495135625,0.03101877753557718,0.0001833815472337355,0.0419955453949806,0.0005427895551901924,0.08964591197107544,0.00027530946296454523,0.09737329953218761,0.0016852565019263796,0.08982777057257295,1.967540588810701e-18,0.027749930585206393,0.0002986397855029326,0.03334524016567963,0.0006260214619607762,0.04617300036290211,8.644238098269072e-05,0.03101877753557718,0.0001833815472337355,0.031018777535577184,0.00018338154723373555,-4.163336342344337e-19,6.126685713802203e-19,0.0,0.0,True,True,True
12,0.2,0.6,20,pooled_k2,200,0.2,0.0,0.3900994469725268,0.0045854970495135625,0.027813857442203528,0.00029774942557358016,0.03334524016567963,0.0006260214619607762,0.025219547736251107,0.0005883247744706791,0.04450815267082552,0.0017041148113639824,0.049320126118015076,0.0,0.027813857442203528,0.00029774942557358027,0.03334524016567963,0.0006260214619607762,,,0.027813857442203528,0.00029774942557358016,0.027813857442203528,0.00029774942557358016,-8.847089727481716e-19,1.0877218707992426e-18,0.0,0.0,True,True,True
12,0.2,1.2,1,full_k3,200,0.2,0.0,0.39141525675637523,0.004890323988082861,0.045428709832973924,0.00020429193996395465,0.0637957242330344,0.0008536830581727542,0.17038573029045934,0.00040203416834648476,0.1702047101221427,0.002416817825998662,0.15463851897101846,1.967540588810701e-18,0.031364452507782456,0.0003538076870711782,0.03516885855934517,0.0006824019464227893,0.0886472768564946,0.00020597740009989412,0.045428709832973924,0.00020429193996395465,0.045428709832973924,0.0002042919399639547,3.8163916471489756e-19,6.959740291837916e-19,0.0,0.0,True,True,True
12,0.2,1.2,1,pooled_k2,200,0.2,0.0,0.39141525675637523,0.004890323988082861,0.031699118278830624,0.0003551281966987873,0.03516885855934517,0.0006824019464227892,0.044289621934386056,0.0006664486916407023,0.04882195571676658,0.0017096659351140454,0.04611615297665468,0.0,0.031699118278830624,0.00035512819669878727,0.03516885855934517,0.0006824019464227893,,,0.031699118278830624,0.0003551281966987873,0.031699118278830624,0.0003551281966987873,5.204170427930421e-19,1.022585922868129e-18,0.0,0.0,True,True,True
12,0.2,1.2,5,full_k3,200,0.2,0.0,0.39141525675637523,0.004890323988082861,0.045428709832973924,0.00020429193996395465,0.0637957242330344,0.0008536830581727542,0.17038573029045934,0.00040203416834648476,0.1702047101221427,0.002416817825998662,0.15463851897101846,1.967540588810701e-18,0.031364452507782456,0.0003538076870711782,0.03516885855934517,0.0006824019464227893,0.0886472768564946,0.00020597740009989412,0.045428709832973924,0.00020429193996395465,0.04547490970938158,0.0002090357843741535,4.619987640766189e-05,4.619987640766151e-05,0.00041666666666666664,0.0004166666666666667,True,True,True
12,0.2,1.2,5,pooled_k2,200,0.2,0.0,0.39141525675637523,0.004890323988082861,0.031699118278830624,0.0003551281966987873,0.03516885855934517,0.0006824019464227892,0.044289621934386056,0.0006664486916407023,0.04882195571676658,0.0017096659351140454,0.04611615297665468,0.0,0.031699118278830624,0.00035512819669878727,0.03516885855934517,0.0006824019464227893,,,0.031699118278830624,0.0003551281966987873,0.031699118278830624,0.0003551281966987873,5.204170427930421e-19,1.022585922868129e-18,0.0,0.0,True,True,True
12,0.2,1.2,20,full_k3,200,0.2,0.0,0.39141525675637523,0.004890323988082861,0.045428709832973924,0.00020429193996395465,0.0637957242330344,0.0008536830581727542,0.17038573029045934,0.00040203416834648476,0.1702047101221427,0.002416817825998662,0.15463851897101846,1.967540588810701e-18,0.031364452507782456,0.0003538076870711782,0.03516885855934517,0.0006824019464227893,0.0886472768564946,0.00020597740009989412,0.045428709832973924,0.00020429193996395465,0.04547490970938158,0.0002090357843741535,4.619987640766189e-05,4.619987640766151e-05,0.00041666666666666664,0.0004166666666666667,True,True,True
12,0.2,1.2,20,pooled_k2,200,0.2,0.0,0.39141525675637523,0.004890323988082861,0.031699118278830624,0.0003551281966987873,0.03516885855934517,0.0006824019464227892,0.044289621934386056,0.0006664486916407023,0.04882195571676658,0.0017096659351140454,0.04611615297665468,0.0,0.031699118278830624,0.00035512819669878727,0.03516885855934517,0.0006824019464227893,,,0.031699118278830624,0.0003551281966987873,0.031699118278830624,0.0003551281966987873,5.204170427930421e-19,1.022585922868129e-18,0.0,0.0,True,True,True
12,1.0,0.0,1,full_k3,200,1.0,0.0,1.8974414512058408,0.023190689236138685,0.018251675919383127,0.00017608814179903218,0.018742659453999225,0.00037007383592836,0.0203407321459488,0.00040502937825350523,0.02011703525697718,0.0010981309363960277,0.17137929844516347,1.967540588810701e-18,0.027377513879074687,0.00026413221269854827,0.028113989180998836,0.0005551107538925397,0.0,0.0,0.018251675919383127,0.00017608814179903218,0.018251675919383127,0.00017608814179903223,1.179611963664229e-18,6.292910672055685e-19,0.0,0.0,True,True,True
12,1.0,0.0,1,pooled_k2,200,1.0,0.0,1.8974414512058408,0.023190689236138685,0.02737751387907468,0.00026413221269854827,0.028113989180998843,0.0005551107538925399,0.0305110982189232,0.0006075440673802577,0.030175552885465775,0.0016471964045940413,0.2570689476677453,3.935081177621402e-18,0.027377513879074687,0.0002641322126985484,0.028113989180998836,0.0005551107538925397,,,0.02737751387907468,0.00026413221269854827,0.02737751387907468,0.00026413221269854827,6.591949208711867e-19,1.2371644857565288e-18,0.0,0.0,True,True,True
12,1.0,0.0,5,full_k3,200,1.0,0.0,1.8974414512058408,0.023190689236138685,0.018251675919383127,0.00017608814179903218,0.018742659453999225,0.00037007383592836,0.0203407321459488,0.00040502937825350523,0.02011703525697718,0.0010981309363960277,0.17137929844516347,1.967540588810701e-18,0.027377513879074687,0.00026413221269854827,0.028113989180998836,0.0005551107538925397,0.0,0.0,0.018251675919383127,0.00017608814179903218,0.018251675919383127,0.00017608814179903223,1.179611963664229e-18,6.292910672055685e-19,0.0,0.0,True,True,True
12,1.0,0.0,5,pooled_k2,200,1.0,0.0,1.8974414512058408,0.023190689236138685,0.02737751387907468,0.00026413221269854827,0.028113989180998843,0.0005551107538925399,0.0305110982189232,0.0006075440673802577,0.030175552885465775,0.0016471964045940413,0.2570689476677453,3.935081177621402e-18,0.027377513879074687,0.0002641322126985484,0.028113989180998836,0.0005551107538925397,,,0.02737751387907468,0.00026413221269854827,0.02737751387907468,0.00026413221269854827,6.591949208711867e-19,1.2371644857565288e-18,0.0,0.0,True,True,True
12,1.0,0.0,20,full_k3,200,1.0,0.0,1.8974414512058408,0.023190689236138685,0.018251675919383127,0.00017608814179903218,0.018742659453999225,0.00037007383592836,0.0203407321459488,0.00040502937825350523,0.02011703525697718,0.0010981309363960277,0.17137929844516347,1.967540588810701e-18,0.027377513879074687,0.00026413221269854827,0.028113989180998836,0.0005551107538925397,0.0,0.0,0.018251675919383127,0.00017608814179903218,0.018251675919383127,0.00017608814179903223,1.179611963664229e-18,6.292910672055685e-19,0.0,0.0,True,True,True
12,1.0,0.0,20,pooled_k2,200,1.0,0.0,1.8974414512058408,0.023190689236138685,0.02737751387907468,0.00026413221269854827,0.028113989180998843,0.0005551107538925399,0.0305110982189232,0.0006075440673802577,0.030175552885465775,0.0016471964045940413,0.2570689476677453,3.935081177621402e-18,0.027377513879074687,0.0002641322126985484,0.028113989180998836,0.0005551107538925397,,,0.02737751387907468,0.00026413221269854827,0.02737751387907468,0.00026413221269854827,6.591949208711867e-19,1.2371644857565288e-18,0.0,0.0,True,True,True
12,1.0,0.6,1,full_k3,200,1.0,0.0,1.9078669506282444,0.02305207241214728,0.0300694831529164,0.0001505458953429401,0.03511124923430022,0.0004933525634697229,0.0653314546834275,0.0002631272481312856,0.06485190141118419,0.0007193404648692022,0.17069673907988142,1.967540588810701e-18,0.02727976855646898,0.0002625643793352842,0.031115980141698866,0.0005672159404600576,0.05215331284885751,0.00017152776753804057,0.0300694831529164,0.0001505458953429401,0.030069483152916396,0.00015054589534294017,1.0755285551056204e-18,6.120907381163492e-19,0.0,0.0,True,True,True
12,1.0,0.6,1,pooled_k2,200,1.0,0.0,1.9078669506282444,0.02305207241214728,0.027791170979540123,0.00025825115562003696,0.031115980141698866,0.0005672159404600577,0.030052834494741994,0.00056459760896127,0.03308710254105314,0.0016699711860275817,0.25604510861982205,3.935081177621402e-18,0.02779117097954012,0.0002582511556200368,0.031115980141698866,0.0005672159404600576,,,0.027791170979540123,0.00025825115562003696,0.027791170979540123,0.00025825115562003696,8.326672684688674e-19,1.1420424904647213e-18,0.0,0.0,True,True,True
12,1.0,0.6,5,full_k3,200,1.0,0.0,1.9078669506282444,0.02305207241214728,0.0300694831529164,0.0001505458953429401,0.03511124923430022,0.0004933525634697229,0.0653314546834275,0.0002631272481312856,0.06485190141118419,0.0007193404648692022,0.17069673907988142,1.967540588810701e-18,0.02727976855646898,0.0002625643793352842,0.031115980141698866,0.0005672159404600576,0.05215331284885751,0.00017152776753804057,0.0300694831529164,0.0001505458953429401,0.030069483152916396,0.00015054589534294017,1.0755285551056204e-18,6.120907381163492e-19,0.0,0.0,True,True,True
12,1.0,0.6,5,pooled_k2,200,1.0,0.0,1.9078669506282444,0.02305207241214728,0.027791170979540123,0.00025825115562003696,0.031115980141698866,0.0005672159404600577,0.030052834494741994,0.00056459760896127,0.03308710254105314,0.0016699711860275817,0.25604510861982205,3.935081177621402e-18,0.02779117097954012,0.0002582511556200368,0.031115980141698866,0.0005672159404600576,,,0.027791170979540123,0.00025825115562003696,0.027791170979540123,0.00025825115562003696,8.326672684688674e-19,1.1420424904647213e-18,0.0,0.0,True,True,True
12,1.0,0.6,20,full_k3,200,1.0,0.0,1.9078669506282444,0.02305207241214728,0.0300694831529164,0.0001505458953429401,0.03511124923430022,0.0004933525634697229,0.0653314546834275,0.0002631272481312856,0.06485190141118419,0.0007193404648692022,0.17069673907988142,1.967540588810701e-18,0.02727976855646898,0.0002625643793352842,0.031115980141698866,0.0005672159404600576,0.05215331284885751,0.00017152776753804057,0.0300694831529164,0.0001505458953429401,0.030069483152916396,0.00015054589534294017,1.0755285551056204e-18,6.120907381163492e-19,0.0,0.0,True,True,True
12,1.0,0.6,20,pooled_k2,200,1.0,0.0,1.9078669506282444,0.02305207241214728,0.027791170979540123,0.00025825115562003696,0.031115980141698866,0.0005672159404600577,0.030052834494741994,0.00056459760896127,0.03308710254105314,0.0016699711860275817,0.25604510861982205,3.935081177621402e-18,0.02779117097954012,0.0002582511556200368,0.031115980141698866,0.0005672159404600576,,,0.027791170979540123,0.00025825115562003696,0.027791170979540123,0.00025825115562003696,8.326672684688674e-19,1.1420424904647213e-18,0.0,0.0,True,True,True
12,1.0,1.2,1,full_k3,200,1.0,0.0,1.8928374559926735,0.025676719272041664,0.04553263950628282,0.0001706070740135138,0.05312417327903825,0.0007572840808690175,0.11912045831135497,0.000227144577265021,0.11597735474777736,0.0005773935761815174,0.1864374926139588,1.967540588810701e-18,0.028923097326672656,0.00025274203656260746,0.034397423179330706,0.0005624614367043107,0.10136402232532342,0.0004251493837681532,0.04553263950628282,0.0001706070740135138,0.045532639506282814,0.00017060707401351366,-3.469446951953614e-20,7.67557575331671e-19,0.0,0.0,True,True,True
12,1.0,1.2,1,pooled_k2,200,1.0,0.0,1.8928374559926735,0.025676719272041664,0.03101729579463452,0.0002574777511687936,0.034397423179330706,0.0005624614367043105,0.03757846732565156,0.0006314699049115743,0.04064166263118043,0.0016855093866788155,0.2521790792174345,3.935081177621402e-18,0.03101729579463452,0.00025747775116879366,0.034397423179330706,0.0005624614367043107,,,0.03101729579463452,0.0002574777511687936,0.03101729579463452,0.00025747775116879366,-2.9490299091605723e-19,1.1543008864481203e-18,0.0,0.0,True,True,True
12,1.0,1.2,5,full_k3,200,1.0,0.0,1.8928374559926735,0.025676719272041664,0.04553263950628282,0.0001706070740135138,0.05312417327903825,0.0007572840808690175,0.11912045831135497,0.000227144577265021,0.11597735474777736,0.0005773935761815174,0.1864374926139588,1.967540588810701e-18,0.028923097326672656,0.00025274203656260746,0.034397423179330706,0.0005624614367043107,0.10136402232532342,0.0004251493837681532,0.04553263950628282,0.0001706070740135138,0.045532639506282814,0.00017060707401351366,-3.469446951953614e-20,7.67557575331671e-19,0.0,0.0,True,True,True
12,1.0,1.2,5,pooled_k2,200,1.0,0.0,1.8928374559926735,0.025676719272041664,0.03101729579463452,0.0002574777511687936,0.034397423179330706,0.0005624614367043105,0.03757846732565156,0.0006314699049115743,0.04064166263118043,0.0016855093866788155,0.2521790792174345,3.935081177621402e-18,0.03101729579463452,0.00025747775116879366,0.034397423179330706,0.0005624614367043107,,,0.03101729579463452,0.0002574777511687936,0.03101729579463452,0.00025747775116879366,-2.9490299091605723e-19,1.1543008864481203e-18,0.0,0.0,True,True,True
12,1.0,1.2,20,full_k3,200,1.0,0.0,1.8928374559926735,0.025676719272041664,0.04553263950628282,0.0001706070740135138,0.05312417327903825,0.0007572840808690175,0.11912045831135497,0.000227144577265021,0.11597735474777736,0.0005773935761815174,0.1864374926139588,1.967540588810701e-18,0.028923097326672656,0.00025274203656260746,0.034397423179330706,0.0005624614367043107,0.10136402232532342,0.0004251493837681532,0.04553263950628282,0.0001706070740135138,0.045532639506282814,0.00017060707401351366,-3.469446951953614e-20,7.67557575331671e-19,0.0,0.0,True,True,True
12,1.0,1.2,20,pooled_k2,200,1.0,0.0,1.8928374559926735,0.025676719272041664,0.03101729579463452,0.0002574777511687936,0.034397423179330706,0.0005624614367043105,0.03757846732565156,0.0006314699049115743,0.04064166263118043,0.0016855093866788155,0.2521790792174345,3.935081177621402e-18,0.03101729579463452,0.00025747775116879366,0.034397423179330706,0.0005624614367043107,,,0.03101729579463452,0.0002574777511687936,0.03101729579463452,0.00025747775116879366,-2.9490299091605723e-19,1.1543008864481203e-18,0.0,0.0,True,True,True
20,0.0,0.0,1,full_k3,200,0.0,0.0,0.0,0.0,0.015914039216546345,0.0001542358604098151,0.011516920007364177,0.00017324346602936227,0.016997004552614672,0.0002795417487563704,0.0,0.0,0.0,0.0,0.023871058824819512,0.0002313537906147228,0.017275380011046265,0.0002598651990440433,0.0,0.0,0.015914039216546345,0.0001542358604098151,0.01591403921654634,0.00015423586040981514,-6.938893903907229e-20,5.321744939201139e-19,0.0,0.0,True,True,True
20,0.0,0.0,1,pooled_k2,200,0.0,0.0,0.0,0.0,0.023871058824819515,0.0002313537906147229,0.017275380011046265,0.00025986519904404337,0.025495506828922015,0.00041931262313455554,0.0,0.0,0.0,0.0,0.023871058824819505,0.00023135379061472284,0.017275380011046265,0.0002598651990440433,,,0.023871058824819515,0.0002313537906147229,0.023871058824819515,0.0002313537906147227,1.1275702593849246e-18,1.031768669095154e-18,0.0,0.0,True,True,True
20,0.0,0.0,5,full_k3,200,0.0,0.0,0.0,0.0,0.015914039216546345,0.0001542358604098151,0.011516920007364177,0.00017324346602936227,0.016997004552614672,0.0002795417487563704,0.0,0.0,0.0,0.0,0.023871058824819512,0.0002313537906147228,0.017275380011046265,0.0002598651990440433,0.0,0.0,0.015914039216546345,0.0001542358604098151,0.01591403921654634,0.00015423586040981514,-6.938893903907229e-20,5.321744939201139e-19,0.0,0.0,True,True,True
20,0.0,0.0,5,pooled_k2,200,0.0,0.0,0.0,0.0,0.023871058824819515,0.0002313537906147229,0.017275380011046265,0.00025986519904404337,0.025495506828922015,0.00041931262313455554,0.0,0.0,0.0,0.0,0.023871058824819505,0.00023135379061472284,0.017275380011046265,0.0002598651990440433,,,0.023871058824819515,0.0002313537906147229,0.023871058824819515,0.0002313537906147227,1.1275702593849246e-18,1.031768669095154e-18,0.0,0.0,True,True,True
20,0.0,0.0,20,full_k3,200,0.0,0.0,0.0,0.0,0.015914039216546345,0.0001542358604098151,0.011516920007364177,0.00017324346602936227,0.016997004552614672,0.0002795417487563704,0.0,0.0,0.0,0.0,0.023871058824819512,0.0002313537906147228,0.017275380011046265,0.0002598651990440433,0.0,0.0,0.015914039216546345,0.0001542358604098151,0.01591403921654634,0.00015423586040981514,-6.938893903907229e-20,5.321744939201139e-19,0.0,0.0,True,True,True
20,0.0,0.0,20,pooled_k2,200,0.0,0.0,0.0,0.0,0.023871058824819515,0.0002313537906147229,0.017275380011046265,0.00025986519904404337,0.025495506828922015,0.00041931262313455554,0.0,0.0,0.0,0.0,0.023871058824819505,0.00023135379061472284,0.017275380011046265,0.0002598651990440433,,,0.023871058824819515,0.0002313537906147229,0.023871058824819515,0.0002313537906147227,1.1275702593849246e-18,1.031768669095154e-18,0.0,0.0,True,True,True
20,0.0,0.6,1,full_k3,200,0.0,0.0,0.0,0.0,0.023660000391399257,0.00014993455551964293,0.03047610205598098,0.00026878265469558774,0.09418173499620436,0.00017033673660197485,0.15635384025705648,1.967540588810701e-18,0.07817692012852824,9.837702944053505e-19,0.024637898983373673,0.0002324892628407033,0.01721275465437,0.00029270449480910154,0.02497936185315586,2.1197881635743533e-05,0.023660000391399257,0.00014993455551964293,0.02366000039139925,0.000149934555519643,-6.765421556309548e-19,5.622881418749639e-19,0.0,0.0,True,True,True
20,0.0,0.6,1,pooled_k2,200,0.0,0.0,0.0,0.0,0.024638701197776093,0.00023359180251940795,0.01721275465437,0.0002927044948091016,0.03227362331449412,0.00043238050199690867,0.0,0.0,0.0,0.0,0.024638701197776086,0.00023359180251940792,0.01721275465437,0.00029270449480910154,,,0.024638701197776093,0.00023359180251940795,0.024638701197776093,0.00023359180251940795,-7.806255641895632e-19,9.373082506754187e-19,0.0,0.0,True,True,True
20,0.0,0.6,5,full_k3,200,0.0,0.0,0.0,0.0,0.023660000391399257,0.00014993455551964293,0.03047610205598098,0.00026878265469558774,0.09418173499620436,0.00017033673660197485,0.15635384025705648,1.967540588810701e-18,0.07817692012852824,9.837702944053505e-19,0.024637898983373673,0.0002324892628407033,0.01721275465437,0.00029270449480910154,0.02497936185315586,2.1197881635743533e-05,0.023660000391399257,0.00014993455551964293,0.02366000039139925,0.000149934555519643,-6.765421556309548e-19,5.622881418749639e-19,0.0,0.0,True,True,True
20,0.0,0.6,5,pooled_k2,200,0.0,0.0,0.0,0.0,0.024638701197776093,0.00023359180251940795,0.01721275465437,0.0002927044948091016,0.03227362331449412,0.00043238050199690867,0.0,0.0,0.0,0.0,0.024638701197776086,0.00023359180251940792,0.01721275465437,0.00029270449480910154,,,0.024638701197776093,0.00023359180251940795,0.024638701197776093,0.00023359180251940795,-7.806255641895632e-19,9.373082506754187e-19,0.0,0.0,True,True,True
20,0.0,0.6,20,full_k3,200,0.0,0.0,0.0,0.0,0.023660000391399257,0.00014993455551964293,0.03047610205598098,0.00026878265469558774,0.09418173499620436,0.00017033673660197485,0.15635384025705648,1.967540588810701e-18,0.07817692012852824,9.837702944053505e-19,0.024637898983373673,0.0002324892628407033,0.01721275465437,0.00029270449480910154,0.02497936185315586,2.1197881635743533e-05,0.023660000391399257,0.00014993455551964293,0.02366000039139925,0.000149934555519643,-6.765421556309548e-19,5.622881418749639e-19,0.0,0.0,True,True,True
20,0.0,0.6,20,pooled_k2,200,0.0,0.0,0.0,0.0,0.024638701197776093,0.00023359180251940795,0.01721275465437,0.0002927044948091016,0.03227362331449412,0.00043238050199690867,0.0,0.0,0.0,0.0,0.024638701197776086,0.00023359180251940792,0.01721275465437,0.00029270449480910154,,,0.024638701197776093,0.00023359180251940795,0.024638701197776093,0.00023359180251940795,-7.806255641895632e-19,9.373082506754187e-19,0.0,0.0,True,True,True
20,0.0,1.2,1,full_k3,200,0.0,0.0,0.0,0.0,0.03199275865153722,0.00015490138552799021,0.04754440036317081,0.00042243183138593353,0.17489633163805834,0.0001884039812358566,0.2950440426160856,0.0,0.1475220213080428,0.0,0.027004942099334,0.0002347965783706542,0.017201049446476567,0.0002539170334827697,0.04721864562368058,3.571168141558044e-05,0.03199275865153722,0.00015490138552799021,0.03199275865153722,0.00015490138552799021,1.1622647289044608e-18,6.400546208607632e-19,0.0,0.0,True,True,True
20,0.0,1.2,1,pooled_k2,200,0.0,0.0,0.0,0.0,0.027110397548795188,0.00023437461280558221,0.017201049446476567,0.00025391703348276966,0.05072141434720303,0.00042118645428532587,0.0,0.0,0.0,0.0,0.027110397548795188,0.00023437461280558221,0.017201049446476567,0.0002539170334827697,,,0.027110397548795188,0.00023437461280558221,0.027110397548795188,0.00023437461280558221,5.551115123125783e-19,1.011789932644672e-18,0.0,0.0,True,True,True
20,0.0,1.2,5,full_k3,200,0.0,0.0,0.0,0.0,0.03199275865153722,0.00015490138552799021,0.04754440036317081,0.00042243183138593353,0.17489633163805834,0.0001884039812358566,0.2950440426160856,0.0,0.1475220213080428,0.0,0.027004942099334,0.0002347965783706542,0.017201049446476567,0.0002539170334827697,0.04721864562368058,3.571168141558044e-05,0.03199275865153722,0.00015490138552799021,0.03199275865153722,0.00015490138552799021,1.1622647289044608e-18,6.400546208607632e-19,0.0,0.0,True,True,True
20,0.0,1.2,5,pooled_k2,200,0.0,0.0,0.0,0.0,0.027110397548795188,0.00023437461280558221,0.017201049446476567,0.00025391703348276966,0.05072141434720303,0.00042118645428532587,0.0,0.0,0.0,0.0,0.027110397548795188,0.00023437461280558221,0.017201049446476567,0.0002539170334827697,,,0.027110397548795188,0.00023437461280558221,0.027110397548795188,0.00023437461280558221,5.551115123125783e-19,1.011789932644672e-18,0.0,0.0,True,True,True
20,0.0,1.2,20,full_k3,200,0.0,0.0,0.0,0.0,0.03199275865153722,0.00015490138552799021,0.04754440036317081,0.00042243183138593353,0.17489633163805834,0.0001884039812358566,0.2950440426160856,0.0,0.1475220213080428,0.0,0.027004942099334,0.0002347965783706542,0.017201049446476567,0.0002539170334827697,0.04721864562368058,3.571168141558044e-05,0.03199275865153722,0.00015490138552799021,0.03199275865153722,0.00015490138552799021,1.1622647289044608e-18,6.400546208607632e-19,0.0,0.0,True,True,True
20,0.0,1.2,20,pooled_k2,200,0.0,0.0,0.0,0.0,0.027110397548795188,0.00023437461280558221,0.017201049446476567,0.00025391703348276966,0.05072141434720303,0.00042118645428532587,0.0,0.0,0.0,0.0,0.027110397548795188,0.00023437461280558221,0.017201049446476567,0.0002539170334827697,,,0.027110397548795188,0.00023437461280558221,0.027110397548795188,0.00023437461280558221,5.551115123125783e-19,1.011789932644672e-18,0.0,0.0,True,True,True
20,0.05,0.0,1,full_k3,200,0.04999999999999999,0.0,0.09345519042738154,0.0007744238818374434,0.016076230248854163,0.00015777405258219607,0.01139602517728843,0.00018034368983816298,0.016446409629585223,0.00029818665140598073,0.009521691568217111,0.00028038964739542956,0.007229005005454714,1.2297128680066881e-19,0.024114345373281245,0.000236661078873294,0.017094037765932643,0.00027051553475724443,0.0,0.0,0.016076230248854163,0.00015777405258219607,0.016076230248854163,0.00015777405258219607,-5.117434254131581e-19,5.274590276231869e-19,0.0,0.0,True,True,True
20,0.05,0.0,1,pooled_k2,200,0.04999999999999999,0.0,0.09345519042738154,0.0007744238818374434,0.024114345373281245,0.000236661078873294,0.017094037765932643,0.0002705155347572445,0.024669614444377833,0.0004472799771089713,0.014282537352325667,0.0004205844710931443,0.010843507508182068,0.0,0.024114345373281245,0.00023666107887329395,0.017094037765932643,0.00027051553475724443,,,0.024114345373281245,0.000236661078873294,0.024114345373281245,0.000236661078873294,4.163336342344337e-19,8.886528357565614e-19,0.0,0.0,True,True,True
20,0.05,0.0,5,full_k3,200,0.04999999999999999,0.0,0.09345519042738154,0.0007744238818374434,0.016076230248854163,0.00015777405258219607,0.01139602517728843,0.00018034368983816298,0.016446409629585223,0.00029818665140598073,0.009521691568217111,0.00028038964739542956,0.007229005005454714,1.2297128680066881e-19,0.024114345373281245,0.000236661078873294,0.017094037765932643,0.00027051553475724443,0.0,0.0,0.016076230248854163,0.00015777405258219607,0.016076230248854163,0.00015777405258219607,-5.117434254131581e-19,5.274590276231869e-19,0.0,0.0,True,True,True
20,0.05,0.0,5,pooled_k2,200,0.04999999999999999,0.0,0.09345519042738154,0.0007744238818374434,0.024114345373281245,0.000236661078873294,0.017094037765932643,0.0002705155347572445,0.024669614444377833,0.0004472799771089713,0.014282537352325667,0.0004205844710931443,0.010843507508182068,0.0,0.024114345373281245,0.00023666107887329395,0.017094037765932643,0.00027051553475724443,,,0.024114345373281245,0.000236661078873294,0.024114345373281245,0.000236661078873294,4.163336342344337e-19,8.886528357565614e-19,0.0,0.0,True,True,True
20,0.05,0.0,20,full_k3,200,0.04999999999999999,0.0,0.09345519042738154,0.0007744238818374434,0.016076230248854163,0.00015777405258219607,0.01139602517728843,0.00018034368983816298,0.016446409629585223,0.00029818665140598073,0.009521691568217111,0.00028038964739542956,0.007229005005454714,1.2297128680066881e-19,0.024114345373281245,0.000236661078873294,0.017094037765932643,0.00027051553475724443,0.0,0.0,0.016076230248854163,0.00015777405258219607,0.016076230248854163,0.00015777405258219607,-5.117434254131581e-19,5.274590276231869e-19,0.0,0.0,True,True,True
20,0.05,0.0,20,pooled_k2,200,0.04999999999999999,0.0,0.09345519042738154,0.0007744238818374434,0.024114345373281245,0.000236661078873294,0.017094037765932643,0.0002705155347572445,0.024669614444377833,0.0004472799771089713,0.014282537352325667,0.0004205844710931443,0.010843507508182068,0.0,0.024114345373281245,0.00023666107887329395,0.017094037765932643,0.00027051553475724443,,,0.024114345373281245,0.000236661078873294,0.024114345373281245,0.000236661078873294,4.163336342344337e-19,8.886528357565614e-19,0.0,0.0,True,True,True
20,0.05,0.6,1,full_k3,200,0.04999999999999999,0.0,0.09266620735484171,0.0007485324046864252,0.023552078129593097,0.00015072755147547048,0.026636822886230385,0.0002569800515205198,0.09263959985595718,0.00017178542853732795,0.10938932638201916,0.00222732640005454,0.08067324334681154,9.837702944053505e-19,0.024629638319938262,0.00023500187595702288,0.017836320591651758,0.00027218535581302394,0.025348110845793057,1.5433996100760638e-05,0.023552078129593097,0.00015072755147547048,0.023552078129593097,0.00015072755147547054,4.336808689942018e-19,6.202130940555241e-19,0.0,0.0,True,True,True
20,0.05,0.6,1,pooled_k2,200,0.04999999999999999,0.0,0.09266620735484171,0.0007485324046864252,0.024634627493128024,0.00023569134507247749,0.017836320591651758,0.00027218535581302394,0.03161272423684775,0.0004505481229080294,0.014596222406522504,0.0003814434148528885,0.010567381029253045,0.0,0.024634627493128013,0.00023569134507247749,0.017836320591651758,0.00027218535581302394,,,0.024634627493128024,0.00023569134507247749,0.024634627493128017,0.0002356913450724774,3.209238430557093e-19,9.483213249401172e-19,0.0,0.0,True,True,True
20,0.05,0.6,5,full_k3,200,0.04999999999999999,0.0,0.09266620735484171,0.0007485324046864252,0.023552078129593097,0.00015072755147547048,0.026636822886230385,0.0002569800515205198,0.09263959985595718,0.00017178542853732795,0.10938932638201916,0.00222732640005454,0.08067324334681154,9.837702944053505e-19,0.024629638319938262,0.00023500187595702288,0.017836320591651758,0.00027218535581302394,0.025348110845793057,1.5433996100760638e-05,0.023552078129593097,0.00015072755147547048,0.023552078129593097,0.00015072755147547054,4.336808689942018e-19,6.202130940555241e-19,0.0,0.0,True,True,True
20,0.05,0.6,5,pooled_k2,200,0.04999999999999999,0.0,0.09266620735484171,0.0007485324046864252,0.024634627493128024,0.00023569134507247749,0.017836320591651758,0.00027218535581302394,0.03161272423684775,0.0004505481229080294,0.014596222406522504,0.0003814434148528885,0.010567381029253045,0.0,0.024634627493128013,0.00023569134507247749,0.017836320591651758,0.00027218535581302394,,,0.024634627493128024,0.00023569134507247749,0.024634627493128017,0.0002356913450724774,3.209238430557093e-19,9.483213249401172e-19,0.0,0.0,True,True,True
20,0.05,0.6,20,full_k3,200,0.04999999999999999,0.0,0.09266620735484171,0.0007485324046864252,0.023552078129593097,0.00015072755147547048,0.026636822886230385,0.0002569800515205198,0.09263959985595718,0.00017178542853732795,0.10938932638201916,0.00222732640005454,0.08067324334681154,9.837702944053505e-19,0.024629638319938262,0.00023500187595702288,0.017836320591651758,0.00027218535581302394,0.025348110845793057,1.5433996100760638e-05,0.023552078129593097,0.00015072755147547048,0.023552078129593097,0.00015072755147547054,4.336808689942018e-19,6.202130940555241e-19,0.0,0.0,True,True,True
20,0.05,0.6,20,pooled_k2,200,0.04999999999999999,0.0,0.09266620735484171,0.0007485324046864252,0.024634627493128024,0.00023569134507247749,0.017836320591651758,0.00027218535581302394,0.03161272423684775,0.0004505481229080294,0.014596222406522504,0.0003814434148528885,0.010567381029253045,0.0,0.024634627493128013,0.00023569134507247749,0.017836320591651758,0.00027218535581302394,,,0.024634627493128024,0.00023569134507247749,0.024634627493128017,0.0002356913450724774,3.209238430557093e-19,9.483213249401172e-19,0.0,0.0,True,True,True
20,0.05,1.2,1,full_k3,200,0.04999999999999999,0.0,0.09273291393575318,0.000806955219918124,0.031876898171507635,0.00015213365533829192,0.04273824048773833,0.0004163449106034299,0.17316733682673444,0.00022676124460117576,0.2085355595971793,0.004052409193251838,0.1490324740473163,1.967540588810701e-18,0.027012362325862283,0.00023217948631468075,0.020629298324415523,0.00026306532738506257,0.048231218536581494,4.191592102987694e-05,0.031876898171507635,0.00015213365533829192,0.03187689817150763,0.00015213365533829195,-9.367506770274759e-19,6.524249704558782e-19,0.0,0.0,True,True,True
20,0.05,1.2,1,pooled_k2,200,0.04999999999999999,0.0,0.09273291393575318,0.000806955219918124,0.027071617770967546,0.00023399442533609876,0.020629298324415516,0.00026306532738506273,0.05036501488859667,0.00042258319699842574,0.024043389481608474,0.00045679546337869356,0.009787998659893785,0.0,0.027071617770967542,0.0002339944253360988,0.020629298324415523,0.00026306532738506257,,,0.027071617770967546,0.00023399442533609876,0.027071617770967542,0.0002339944253360987,-8.153200337090993e-19,9.572751931015177e-19,0.0,0.0,True,True,True
20,0.05,1.2,5,full_k3,200,0.04999999999999999,0.0,0.09273291393575318,0.000806955219918124,0.031876898171507635,0.00015213365533829192,0.04273824048773833,0.0004163449106034299,0.17316733682673444,0.00022676124460117576,0.2085355595971793,0.004052409193251838,0.1490324740473163,1.967540588810701e-18,0.027012362325862283,0.00023217948631468075,0.020629298324415523,0.00026306532738506257,0.048231218536581494,4.191592102987694e-05,0.031876898171507635,0.00015213365533829192,0.03187689817150763,0.00015213365533829195,-9.367506770274759e-19,6.524249704558782e-19,0.0,0.0,True,True,True
20,0.05,1.2,5,pooled_k2,200,0.04999999999999999,0.0,0.09273291393575318,0.000806955219918124,0.027071617770967546,0.00023399442533609876,0.020629298324415516,0.00026306532738506273,0.05036501488859667,0.00042258319699842574,0.024043389481608474,0.00045679546337869356,0.009787998659893785,0.0,0.027071617770967542,0.0002339944253360988,0.020629298324415523,0.00026306532738506257,,,0.027071617770967546,0.00023399442533609876,0.027071617770967542,0.0002339944253360987,-8.153200337090993e-19,9.572751931015177e-19,0.0,0.0,True,True,True
20,0.05,1.2,20,full_k3,200,0.04999999999999999,0.0,0.09273291393575318,0.000806955219918124,0.031876898171507635,0.00015213365533829192,0.04273824048773833,0.0004163449106034299,0.17316733682673444,0.00022676124460117576,0.2085355595971793,0.004052409193251838,0.1490324740473163,1.967540588810701e-18,0.027012362325862283,0.00023217948631468075,0.020629298324415523,0.00026306532738506257,0.048231218536581494,4.191592102987694e-05,0.031876898171507635,0.00015213365533829192,0.03187689817150763,0.00015213365533829195,-9.367506770274759e-19,6.524249704558782e-19,0.0,0.0,True,True,True
20,0.05,1.2,20,pooled_k2,200,0.04999999999999999,0.0,0.09273291393575318,0.000806955219918124,0.027071617770967546,0.00023399442533609876,0.020629298324415516,0.00026306532738506273,0.05036501488859667,0.00042258319699842574,0.024043389481608474,0.00045679546337869356,0.009787998659893785,0.0,0.027071617770967542,0.0002339944253360988,0.020629298324415523,0.00026306532738506257,,,0.027071617770967546,0.00023399442533609876,0.027071617770967542,0.0002339944253360987,-8.153200337090993e-19,9.572751931015177e-19,0.0,0.0,True,True,True
20,0.2,0.0,1,full_k3,200,0.2,0.0,0.38027724293874604,0.003678984192320783,0.015311644569680698,0.0001587630743239335,0.012068827829361042,0.00018968963672362252,0.01150232338211406,0.0002477182126692516,0.015991939082218066,0.0007679250712409573,0.03362224128386448,0.0,0.022967466854521047,0.00023814461148590033,0.01810324174404156,0.0002845344550854337,0.0,0.0,0.015311644569680698,0.0001587630743239335,0.015311644569680698,0.00015876307432393353,2.9490299091605723e-19,5.344810859052304e-19,0.0,0.0,True,True,True
20,0.2,0.0,1,pooled_k2,200,0.2,0.0,0.38027724293874604,0.003678984192320783,0.022967466854521047,0.0002381446114859003,0.01810324174404156,0.0002845344550854337,0.017253485073171083,0.00037157731900387756,0.0239879086233271,0.001151887606861436,0.05043336192579671,0.0,0.022967466854521047,0.00023814461148590033,0.01810324174404156,0.0002845344550854337,,,0.022967466854521047,0.0002381446114859003,0.022967466854521047,0.00023814461148590033,1.1102230246251566e-18,8.945719505929145e-19,0.0,0.0,True,True,True
20,0.2,0.0,5,full_k3,200,0.2,0.0,0.38027724293874604,0.003678984192320783,0.015311644569680698,0.0001587630743239335,0.012068827829361042,0.00018968963672362252,0.01150232338211406,0.0002477182126692516,0.015991939082218066,0.0007679250712409573,0.03362224128386448,0.0,0.022967466854521047,0.00023814461148590033,0.01810324174404156,0.0002845344550854337,0.0,0.0,0.015311644569680698,0.0001587630743239335,0.015311644569680698,0.00015876307432393353,2.9490299091605723e-19,5.344810859052304e-19,0.0,0.0,True,True,True
20,0.2,0.0,5,pooled_k2,200,0.2,0.0,0.38027724293874604,0.003678984192320783,0.022967466854521047,0.0002381446114859003,0.01810324174404156,0.0002845344550854337,0.017253485073171083,0.00037157731900387756,0.0239879086233271,0.001151887606861436,0.05043336192579671,0.0,0.022967466854521047,0.00023814461148590033,0.01810324174404156,0.0002845344550854337,,,0.022967466854521047,0.0002381446114859003,0.022967466854521047,0.00023814461148590033,1.1102230246251566e-18,8.945719505929145e-19,0.0,0.0,True,True,True
20,0.2,0.0,20,full_k3,200,0.2,0.0,0.38027724293874604,0.003678984192320783,0.015311644569680698,0.0001587630743239335,0.012068827829361042,0.00018968963672362252,0.01150232338211406,0.0002477182126692516,0.015991939082218066,0.0007679250712409573,0.03362224128386448,0.0,0.022967466854521047,0.00023814461148590033,0.01810324174404156,0.0002845344550854337,0.0,0.0,0.015311644569680698,0.0001587630743239335,0.015311644569680698,0.00015876307432393353,2.9490299091605723e-19,5.344810859052304e-19,0.0,0.0,True,True,True
20,0.2,0.0,20,pooled_k2,200,0.2,0.0,0.38027724293874604,0.003678984192320783,0.022967466854521047,0.0002381446114859003,0.01810324174404156,0.0002845344550854337,0.017253485073171083,0.00037157731900387756,0.0239879086233271,0.001151887606861436,0.05043336192579671,0.0,0.022967466854521047,0.00023814461148590033,0.01810324174404156,0.0002845344550854337,,,0.022967466854521047,0.0002381446114859003,0.022967466854521047,0.00023814461148590033,1.1102230246251566e-18,8.945719505929145e-19,0.0,0.0,True,True,True
20,0.2,0.6,1,full_k3,200,0.2,0.0,0.3741989506685276,0.0031440110871819586,0.023169534832867215,0.0001500527270152011,0.025333758182052312,0.00027964449490727885,0.08584889149226438,0.00016366776054222934,0.08311551950813177,0.0007885856912977802,0.08982777057257295,1.967540588810701e-18,0.024141285488079603,0.00023376872079470032,0.01888053447509711,0.00027265862972872994,0.026386345855207674,2.9457634058029794e-05,0.023169534832867215,0.0001500527270152011,0.023169534832867215,0.0001500527270152011,5.724587470723464e-19,5.192694652782668e-19,0.0,0.0,True,True,True
20,0.2,0.6,1,pooled_k2,200,0.2,0.0,0.3741989506685276,0.0031440110871819586,0.024164055309457824,0.00023237740527399728,0.01888053447509711,0.00027265862972873,0.024239031168957984,0.0004344430648917233,0.025294598239732045,0.001087876960163641,0.049320126118015076,0.0,0.024164055309457824,0.00023237740527399725,0.01888053447509711,0.00027265862972872994,,,0.024164055309457824,0.00023237740527399728,0.024164055309457824,0.0002323774052739973,-1.0408340855860842e-19,9.026159465245548e-19,0.0,0.0,True,True,True
20,0.2,0.6,5,full_k3,200,0.2,0.0,0.3741989506685276,0.0031440110871819586,0.023169534832867215,0.0001500527270152011,0.025333758182052312,0.00027964449490727885,0.08584889149226438,0.00016366776054222934,0.08311551950813177,0.0007885856912977802,0.08982777057257295,1.967540588810701e-18,0.024141285488079603,0.00023376872079470032,0.01888053447509711,0.00027265862972872994,0.026386345855207674,2.9457634058029794e-05,0.023169534832867215,0.0001500527270152011,0.023169534832867215,0.0001500527270152011,5.724587470723464e-19,5.192694652782668e-19,0.0,0.0,True,True,True
20,0.2,0.6,5,pooled_k2,200,0.2,0.0,0.3741989506685276,0.0031440110871819586,0.024164055309457824,0.00023237740527399728,0.01888053447509711,0.00027265862972873,0.024239031168957984,0.0004344430648917233,0.025294598239732045,0.001087876960163641,0.049320126118015076,0.0,0.024164055309457824,0.00023237740527399725,0.01888053447509711,0.00027265862972872994,,,0.024164055309457824,0.00023237740527399728,0.024164055309457824,0.0002323774052739973,-1.0408340855860842e-19,9.026159465245548e-19,0.0,0.0,True,True,True
20,0.2,0.6,20,full_k3,200,0.2,0.0,0.3741989506685276,0.0031440110871819586,0.023169534832867215,0.0001500527270152011,0.025333758182052312,0.00027964449490727885,0.08584889149226438,0.00016366776054222934,0.08311551950813177,0.0007885856912977802,0.08982777057257295,1.967540588810701e-18,0.024141285488079603,0.00023376872079470032,0.01888053447509711,0.00027265862972872994,0.026386345855207674,2.9457634058029794e-05,0.023169534832867215,0.0001500527270152011,0.023169534832867215,0.0001500527270152011,5.724587470723464e-19,5.192694652782668e-19,0.0,0.0,True,True,True
20,0.2,0.6,20,pooled_k2,200,0.2,0.0,0.3741989506685276,0.0031440110871819586,0.024164055309457824,0.00023237740527399728,0.01888053447509711,0.00027265862972873,0.024239031168957984,0.0004344430648917233,0.025294598239732045,0.001087876960163641,0.049320126118015076,0.0,0.024164055309457824,0.00023237740527399725,0.01888053447509711,0.00027265862972872994,,,0.024164055309457824,0.00023237740527399728,0.024164055309457824,0.0002323774052739973,-1.0408340855860842e-19,9.026159465245548e-19,0.0,0.0,True,True,True
20,0.2,1.2,1,full_k3,200,0.2,0.0,0.37024443139570395,0.0029984477540697676,0.03130795884450894,0.0001633361214341049,0.0381358915091824,0.0005321386992733141,0.1633970937558378,0.00017383385069421185,0.15562797023097633,0.0014008711745437663,0.15463851897101846,1.967540588810701e-18,0.02634682851652153,0.00025701050908761235,0.02034128687006537,0.000299882181296136,0.05043838823787171,5.666772264971229e-05,0.03130795884450894,0.0001633361214341049,0.03130795884450894,0.00016333612143410491,-3.469446951953614e-20,6.17306061152683e-19,0.0,0.0,True,True,True
20,0.2,1.2,1,pooled_k2,200,0.2,0.0,0.37024443139570395,0.0029984477540697676,0.026531201368342704,0.000254871695132419,0.02034128687006537,0.0002998821812961359,0.04548764725954012,0.00042772635951630585,0.03851568835817953,0.0013582372527417943,0.04611615297665468,0.0,0.026531201368342708,0.00025487169513241907,0.02034128687006537,0.000299882181296136,,,0.026531201368342704,0.000254871695132419,0.026531201368342708,0.00025487169513241907,1.7954387976359952e-18,9.416242741939512e-19,0.0,0.0,True,True,True
20,0.2,1.2,5,full_k3,200,0.2,0.0,0.37024443139570395,0.0029984477540697676,0.03130795884450894,0.0001633361214341049,0.0381358915091824,0.0005321386992733141,0.1633970937558378,0.00017383385069421185,0.15562797023097633,0.0014008711745437663,0.15463851897101846,1.967540588810701e-18,0.02634682851652153,0.00025701050908761235,0.02034128687006537,0.000299882181296136,0.05043838823787171,5.666772264971229e-05,0.03130795884450894,0.0001633361214341049,0.03130795884450894,0.00016333612143410491,-3.469446951953614e-20,6.17306061152683e-19,0.0,0.0,True,True,True
20,0.2,1.2,5,pooled_k2,200,0.2,0.0,0.37024443139570395,0.0029984477540697676,0.026531201368342704,0.000254871695132419,0.02034128687006537,0.0002998821812961359,0.04548764725954012,0.00042772635951630585,0.03851568835817953,0.0013582372527417943,0.04611615297665468,0.0,0.026531201368342708,0.00025487169513241907,0.02034128687006537,0.000299882181296136,,,0.026531201368342704,0.000254871695132419,0.026531201368342708,0.00025487169513241907,1.7954387976359952e-18,9.416242741939512e-19,0.0,0.0,True,True,True
20,0.2,1.2,20,full_k3,200,0.2,0.0,0.37024443139570395,0.0029984477540697676,0.03130795884450894,0.0001633361214341049,0.0381358915091824,0.0005321386992733141,0.1633970937558378,0.00017383385069421185,0.15562797023097633,0.0014008711745437663,0.15463851897101846,1.967540588810701e-18,0.02634682851652153,0.00025701050908761235,0.02034128687006537,0.000299882181296136,0.05043838823787171,5.666772264971229e-05,0.03130795884450894,0.0001633361214341049,0.03130795884450894,0.00016333612143410491,-3.469446951953614e-20,6.17306061152683e-19,0.0,0.0,True,True,True
20,0.2,1.2,20,pooled_k2,200,0.2,0.0,0.37024443139570395,0.0029984477540697676,0.026531201368342704,0.000254871695132419,0.02034128687006537,0.0002998821812961359,0.04548764725954012,0.00042772635951630585,0.03851568835817953,0.0013582372527417943,0.04611615297665468,0.0,0.026531201368342708,0.00025487169513241907,0.02034128687006537,0.000299882181296136,,,0.026531201368342704,0.000254871695132419,0.026531201368342708,0.00025487169513241907,1.7954387976359952e-18,9.416242741939512e-19,0.0,0.0,True,True,True
20,1.0,0.0,1,full_k3,200,1.0,0.0,1.8366470733970386,0.012688372216419826,0.015611987704384161,0.00014447790004438132,0.01176306245383013,0.00017980068773534188,0.015107555908712706,0.0002615059861217883,0.011814888929970988,0.000670446005607991,0.17137929844516347,1.967540588810701e-18,0.023417981556576244,0.00021671685006657214,0.01764459368074519,0.00026970103160301297,0.0,0.0,0.015611987704384161,0.00014447790004438132,0.015611987704384158,0.00014447790004438137,-5.204170427930421e-20,5.287636639981179e-19,0.0,0.0,True,True,True
20,1.0,0.0,1,pooled_k2,200,1.0,0.0,1.8366470733970386,0.012688372216419826,0.02341798155657624,0.00021671685006657197,0.01764459368074519,0.0002697010316030128,0.022661333863069056,0.0003922589791826824,0.01772233339495648,0.0010056690084119864,0.2570689476677453,3.935081177621402e-18,0.023417981556576244,0.00021671685006657214,0.01764459368074519,0.00026970103160301297,,,0.02341798155657624,0.00021671685006657197,0.02341798155657624,0.00021671685006657197,-2.0729945537922846e-18,9.216857913640954e-19,0.0,0.0,True,True,True
20,1.0,0.0,5,full_k3,200,1.0,0.0,1.8366470733970386,0.012688372216419826,0.015611987704384161,0.00014447790004438132,0.01176306245383013,0.00017980068773534188,0.015107555908712706,0.0002615059861217883,0.011814888929970988,0.000670446005607991,0.17137929844516347,1.967540588810701e-18,0.023417981556576244,0.00021671685006657214,0.01764459368074519,0.00026970103160301297,0.0,0.0,0.015611987704384161,0.00014447790004438132,0.015611987704384158,0.00014447790004438137,-5.204170427930421e-20,5.287636639981179e-19,0.0,0.0,True,True,True
20,1.0,0.0,5,pooled_k2,200,1.0,0.0,1.8366470733970386,0.012688372216419826,0.02341798155657624,0.00021671685006657197,0.01764459368074519,0.0002697010316030128,0.022661333863069056,0.0003922589791826824,0.01772233339495648,0.0010056690084119864,0.2570689476677453,3.935081177621402e-18,0.023417981556576244,0.00021671685006657214,0.01764459368074519,0.00026970103160301297,,,0.02341798155657624,0.00021671685006657197,0.02341798155657624,0.00021671685006657197,-2.0729945537922846e-18,9.216857913640954e-19,0.0,0.0,True,True,True
20,1.0,0.0,20,full_k3,200,1.0,0.0,1.8366470733970386,0.012688372216419826,0.015611987704384161,0.00014447790004438132,0.01176306245383013,0.00017980068773534188,0.015107555908712706,0.0002615059861217883,0.011814888929970988,0.000670446005607991,0.17137929844516347,1.967540588810701e-18,0.023417981556576244,0.00021671685006657214,0.01764459368074519,0.00026970103160301297,0.0,0.0,0.015611987704384161,0.00014447790004438132,0.015611987704384158,0.00014447790004438137,-5.204170427930421e-20,5.287636639981179e-19,0.0,0.0,True,True,True
20,1.0,0.0,20,pooled_k2,200,1.0,0.0,1.8366470733970386,0.012688372216419826,0.02341798155657624,0.00021671685006657197,0.01764459368074519,0.0002697010316030128,0.022661333863069056,0.0003922589791826824,0.01772233339495648,0.0010056690084119864,0.2570689476677453,3.935081177621402e-18,0.023417981556576244,0.00021671685006657214,0.01764459368074519,0.00026970103160301297,,,0.02341798155657624,0.00021671685006657197,0.02341798155657624,0.00021671685006657197,-2.0729945537922846e-18,9.216857913640954e-19,0.0,0.0,True,True,True
20,1.0,0.6,1,full_k3,200,1.0,0.0,1.7949735138929805,0.013676076280044197,0.022543413367377436,0.00013987721207344347,0.021311909981415352,0.0002871653931648553,0.06259096840363666,0.00013024734399621888,0.05994130923429477,0.0003203784240562231,0.17069673907988142,1.967540588810701e-18,0.023799493626333934,0.00022896407827715867,0.018116522497698403,0.0002656065440535011,0.03045778096045054,9.772074278187444e-05,0.022543413367377436,0.00013987721207344347,0.022543413367377436,0.00013987721207344344,-6.071532165918824e-19,5.018900993885475e-19,0.0,0.0,True,True,True
20,1.0,0.6,1,pooled_k2,200,1.0,0.0,1.7949735138929805,0.013676076280044197,0.02404748684210789,0.00022664783423982743,0.018116522497698403,0.00026560654405350113,0.024149402681292852,0.0003467272480119687,0.01988233681479136,0.0009611352721686694,0.25604510861982205,3.935081177621402e-18,0.024047486842107887,0.00022664783423982743,0.018116522497698403,0.0002656065440535011,,,0.02404748684210789,0.00022664783423982743,0.02404748684210789,0.00022664783423982738,-6.245004513516505e-19,1.0859861623608928e-18,0.0,0.0,True,True,True
20,1.0,0.6,5,full_k3,200,1.0,0.0,1.7949735138929805,0.013676076280044197,0.022543413367377436,0.00013987721207344347,0.021311909981415352,0.0002871653931648553,0.06259096840363666,0.00013024734399621888,0.05994130923429477,0.0003203784240562231,0.17069673907988142,1.967540588810701e-18,0.023799493626333934,0.00022896407827715867,0.018116522497698403,0.0002656065440535011,0.03045778096045054,9.772074278187444e-05,0.022543413367377436,0.00013987721207344347,0.022543413367377436,0.00013987721207344344,-6.071532165918824e-19,5.018900993885475e-19,0.0,0.0,True,True,True
20,1.0,0.6,5,pooled_k2,200,1.0,0.0,1.7949735138929805,0.013676076280044197,0.02404748684210789,0.00022664783423982743,0.018116522497698403,0.00026560654405350113,0.024149402681292852,0.0003467272480119687,0.01988233681479136,0.0009611352721686694,0.25604510861982205,3.935081177621402e-18,0.024047486842107887,0.00022664783423982743,0.018116522497698403,0.0002656065440535011,,,0.02404748684210789,0.00022664783423982743,0.02404748684210789,0.00022664783423982738,-6.245004513516505e-19,1.0859861623608928e-18,0.0,0.0,True,True,True
20,1.0,0.6,20,full_k3,200,1.0,0.0,1.7949735138929805,0.013676076280044197,0.022543413367377436,0.00013987721207344347,0.021311909981415352,0.0002871653931648553,0.06259096840363666,0.00013024734399621888,0.05994130923429477,0.0003203784240562231,0.17069673907988142,1.967540588810701e-18,0.023799493626333934,0.00022896407827715867,0.018116522497698403,0.0002656065440535011,0.03045778096045054,9.772074278187444e-05,0.022543413367377436,0.00013987721207344347,0.022543413367377436,0.00013987721207344344,-6.071532165918824e-19,5.018900993885475e-19,0.0,0.0,True,True,True
20,1.0,0.6,20,pooled_k2,200,1.0,0.0,1.7949735138929805,0.013676076280044197,0.02404748684210789,0.00022664783423982743,0.018116522497698403,0.00026560654405350113,0.024149402681292852,0.0003467272480119687,0.01988233681479136,0.0009611352721686694,0.25604510861982205,3.935081177621402e-18,0.024047486842107887,0.00022664783423982743,0.018116522497698403,0.0002656065440535011,,,0.02404748684210789,0.00022664783423982743,0.02404748684210789,0.00022664783423982738,-6.245004513516505e-19,1.0859861623608928e-18,0.0,0.0,True,True,True
20,1.0,1.2,1,full_k3,200,1.0,0.0,1.8362141493354727,0.01525774594170438,0.031241474440034427,0.00012579653607650603,0.03252232845865437,0.0004361076141339564,0.11727705899851619,0.00014242568375650506,0.11335883786819947,0.00038556766325506146,0.1864374926139588,1.967540588810701e-18,0.025038799259813685,0.00023154578935282084,0.02112400740211487,0.00029327101994300954,0.05976227614152009,0.0001801948484961852,0.031241474440034427,0.00012579653607650603,0.031241474440034427,0.000125796536076506,6.591949208711867e-19,5.658763973953435e-19,0.0,0.0,True,True,True
20,1.0,1.2,1,pooled_k2,200,1.0,0.0,1.8362141493354727,0.01525774594170438,0.026057820493464185,0.0002310234354963469,0.021124007402114862,0.0002932710199430096,0.037309276745849475,0.0005336918823870486,0.03294311498015643,0.0011567029897651846,0.2521790792174345,3.935081177621402e-18,0.02605782049346418,0.00023102343549634695,0.02112400740211487,0.00029327101994300954,,,0.026057820493464185,0.0002310234354963469,0.026057820493464185,0.00023102343549634684,-2.0816681711721684e-19,9.913163842253227e-19,0.0,0.0,True,True,True
20,1.0,1.2,5,full_k3,200,1.0,0.0,1.8362141493354727,0.01525774594170438,0.031241474440034427,0.00012579653607650603,0.03252232845865437,0.0004361076141339564,0.11727705899851619,0.00014242568375650506,0.11335883786819947,0.00038556766325506146,0.1864374926139588,1.967540588810701e-18,0.025038799259813685,0.00023154578935282084,0.02112400740211487,0.00029327101994300954,0.05976227614152009,0.0001801948484961852,0.031241474440034427,0.00012579653607650603,0.031241474440034427,0.000125796536076506,6.591949208711867e-19,5.658763973953435e-19,0.0,0.0,True,True,True
20,1.0,1.2,5,pooled_k2,200,1.0,0.0,1.8362141493354727,0.01525774594170438,0.026057820493464185,0.0002310234354963469,0.021124007402114862,0.0002932710199430096,0.037309276745849475,0.0005336918823870486,0.03294311498015643,0.0011567029897651846,0.2521790792174345,3.935081177621402e-18,0.02605782049346418,0.00023102343549634695,0.02112400740211487,0.00029327101994300954,,,0.026057820493464185,0.0002310234354963469,0.026057820493464185,0.00023102343549634684,-2.0816681711721684e-19,9.913163842253227e-19,0.0,0.0,True,True,True
20,1.0,1.2,20,full_k3,200,1.0,0.0,1.8362141493354727,0.01525774594170438,0.031241474440034427,0.00012579653607650603,0.03252232845865437,0.0004361076141339564,0.11727705899851619,0.00014242568375650506,0.11335883786819947,0.00038556766325506146,0.1864374926139588,1.967540588810701e-18,0.025038799259813685,0.00023154578935282084,0.02112400740211487,0.00029327101994300954,0.05976227614152009,0.0001801948484961852,0.031241474440034427,0.00012579653607650603,0.031241474440034427,0.000125796536076506,6.591949208711867e-19,5.658763973953435e-19,0.0,0.0,True,True,True
20,1.0,1.2,20,pooled_k2,200,1.0,0.0,1.8362141493354727,0.01525774594170438,0.026057820493464185,0.0002310234354963469,0.021124007402114862,0.0002932710199430096,0.037309276745849475,0.0005336918823870486,0.03294311498015643,0.0011567029897651846,0.2521790792174345,3.935081177621402e-18,0.02605782049346418,0.00023102343549634695,0.02112400740211487,0.00029327101994300954,,,0.026057820493464185,0.0002310234354963469,0.026057820493464185,0.00023102343549634684,-2.0816681711721684e-19,9.913163842253227e-19,0.0,0.0,True,True,True
50,0.0,0.0,1,full_k3,200,0.0,0.0,0.0,0.0,0.014301680757031612,8.45292771602847e-05,0.004615169490148576,4.4019480517178436e-05,0.01654710951481656,0.00016800623898878403,0.0,0.0,0.0,0.0,0.021452521135547412,0.00012679391574042703,0.0069227542352228635,6.602922077576768e-05,0.0,0.0,0.014301680757031612,8.45292771602847e-05,0.01430168075703161,8.452927716028468e-05,-1.0581813203458523e-18,4.666091964012766e-19,0.0,0.0,True,True,True
50,0.0,0.0,1,pooled_k2,200,0.0,0.0,0.0,0.0,0.021452521135547412,0.000126793915740427,0.006922754235222864,6.602922077576765e-05,0.024820664272224832,0.0002520093584831755,0.0,0.0,0.0,0.0,0.021452521135547412,0.00012679391574042697,0.0069227542352228635,6.602922077576768e-05,,,0.021452521135547412,0.000126793915740427,0.02145252113554742,0.00012679391574042697,-3.8163916471489756e-19,7.869355314794467e-19,0.0,0.0,True,True,True
50,0.0,0.0,5,full_k3,200,0.0,0.0,0.0,0.0,0.014301680757031612,8.45292771602847e-05,0.004615169490148576,4.4019480517178436e-05,0.01654710951481656,0.00016800623898878403,0.0,0.0,0.0,0.0,0.021452521135547412,0.00012679391574042703,0.0069227542352228635,6.602922077576768e-05,0.0,0.0,0.014301680757031612,8.45292771602847e-05,0.01430168075703161,8.452927716028468e-05,-1.0581813203458523e-18,4.666091964012766e-19,0.0,0.0,True,True,True
50,0.0,0.0,5,pooled_k2,200,0.0,0.0,0.0,0.0,0.021452521135547412,0.000126793915740427,0.006922754235222864,6.602922077576765e-05,0.024820664272224832,0.0002520093584831755,0.0,0.0,0.0,0.0,0.021452521135547412,0.00012679391574042697,0.0069227542352228635,6.602922077576768e-05,,,0.021452521135547412,0.000126793915740427,0.02145252113554742,0.00012679391574042697,-3.8163916471489756e-19,7.869355314794467e-19,0.0,0.0,True,True,True
50,0.0,0.0,20,full_k3,200,0.0,0.0,0.0,0.0,0.014301680757031612,8.45292771602847e-05,0.004615169490148576,4.4019480517178436e-05,0.01654710951481656,0.00016800623898878403,0.0,0.0,0.0,0.0,0.021452521135547412,0.00012679391574042703,0.0069227542352228635,6.602922077576768e-05,0.0,0.0,0.014301680757031612,8.45292771602847e-05,0.01430168075703161,8.452927716028468e-05,-1.0581813203458523e-18,4.666091964012766e-19,0.0,0.0,True,True,True
50,0.0,0.0,20,pooled_k2,200,0.0,0.0,0.0,0.0,0.021452521135547412,0.000126793915740427,0.006922754235222864,6.602922077576765e-05,0.024820664272224832,0.0002520093584831755,0.0,0.0,0.0,0.0,0.021452521135547412,0.00012679391574042697,0.0069227542352228635,6.602922077576768e-05,,,0.021452521135547412,0.000126793915740427,0.02145252113554742,0.00012679391574042697,-3.8163916471489756e-19,7.869355314794467e-19,0.0,0.0,True,True,True
50,0.0,0.6,1,full_k3,200,0.0,0.0,0.0,0.0,0.01721096449437031,9.283371195755096e-05,0.012337699773271517,8.85254104223961e-05,0.09079001500529989,9.723265496531322e-05,0.15635384025705648,1.967540588810701e-18,0.07817692012852824,9.837702944053505e-19,0.021653841587167322,0.0001398065179132293,0.0068315292602851374,6.42722490717003e-05,0.009610006054706138,2.1545607430590294e-06,0.01721096449437031,9.283371195755096e-05,0.01721096449437031,9.283371195755094e-05,1.5612511283791263e-19,5.344924028836483e-19,0.0,0.0,True,True,True
50,0.0,0.6,1,pooled_k2,200,0.0,0.0,0.0,0.0,0.02165442239786321,0.00014020419987719143,0.006831529260285137,6.427224907170029e-05,0.03193292924970623,0.0002888673803214556,0.0,0.0,0.0,0.0,0.02165442239786321,0.0001402041998771914,0.0068315292602851374,6.42722490717003e-05,,,0.02165442239786321,0.00014020419987719143,0.02165442239786321,0.0001402041998771914,-6.765421556309548e-19,7.9872572381546225e-19,0.0,0.0,True,True,True
50,0.0,0.6,5,full_k3,200,0.0,0.0,0.0,0.0,0.01721096449437031,9.283371195755096e-05,0.012337699773271517,8.85254104223961e-05,0.09079001500529989,9.723265496531322e-05,0.15635384025705648,1.967540588810701e-18,0.07817692012852824,9.837702944053505e-19,0.021653841587167322,0.0001398065179132293,0.0068315292602851374,6.42722490717003e-05,0.009610006054706138,2.1545607430590294e-06,0.01721096449437031,9.283371195755096e-05,0.01721096449437031,9.283371195755094e-05,1.5612511283791263e-19,5.344924028836483e-19,0.0,0.0,True,True,True
50,0.0,0.6,5,pooled_k2,200,0.0,0.0,0.0,0.0,0.02165442239786321,0.00014020419987719143,0.006831529260285137,6.427224907170029e-05,0.03193292924970623,0.0002888673803214556,0.0,0.0,0.0,0.0,0.02165442239786321,0.0001402041998771914,0.0068315292602851374,6.42722490717003e-05,,,0.02165442239786321,0.00014020419987719143,0.02165442239786321,0.0001402041998771914,-6.765421556309548e-19,7.9872572381546225e-19,0.0,0.0,True,True,True
50,0.0,0.6,20,full_k3,200,0.0,0.0,0.0,0.0,0.01721096449437031,9.283371195755096e-05,0.012337699773271517,8.85254104223961e-05,0.09079001500529989,9.723265496531322e-05,0.15635384025705648,1.967540588810701e-18,0.07817692012852824,9.837702944053505e-19,0.021653841587167322,0.0001398065179132293,0.0068315292602851374,6.42722490717003e-05,0.009610006054706138,2.1545607430590294e-06,0.01721096449437031,9.283371195755096e-05,0.01721096449437031,9.283371195755094e-05,1.5612511283791263e-19,5.344924028836483e-19,0.0,0.0,True,True,True
50,0.0,0.6,20,pooled_k2,200,0.0,0.0,0.0,0.0,0.02165442239786321,0.00014020419987719143,0.006831529260285137,6.427224907170029e-05,0.03193292924970623,0.0002888673803214556,0.0,0.0,0.0,0.0,0.02165442239786321,0.0001402041998771914,0.0068315292602851374,6.42722490717003e-05,,,0.02165442239786321,0.00014020419987719143,0.02165442239786321,0.0001402041998771914,-6.765421556309548e-19,7.9872572381546225e-19,0.0,0.0,True,True,True
50,0.0,1.2,1,full_k3,200,0.0,0.0,0.0,0.0,0.020317016820377436,8.010440925899839e-05,0.01952931018919931,0.00015282879387174193,0.16818572536332155,9.412765633330975e-05,0.2950440426160856,0.0,0.1475220213080428,0.0,0.022408849905780234,0.00012093025182101366,0.007222540005751412,6.488757610142692e-05,0.018157818846585218,3.4712276954206845e-06,0.020317016820377436,8.010440925899839e-05,0.020317016820377436,8.010440925899843e-05,-2.2551405187698493e-19,6.2610501900911e-19,0.0,0.0,True,True,True
50,0.0,1.2,1,pooled_k2,200,0.0,0.0,0.0,0.0,0.022416486753742717,0.00012149625710517309,0.007222540005751412,6.488757610142692e-05,0.049900603349395674,0.000264738794252067,0.0,0.0,0.0,0.0,0.02241648675374272,0.00012149625710517313,0.007222540005751412,6.488757610142692e-05,,,0.022416486753742717,0.00012149625710517309,0.022416486753742717,0.00012149625710517304,6.071532165918824e-19,8.503488934222321e-19,0.0,0.0,True,True,True
50,0.0,1.2,5,full_k3,200,0.0,0.0,0.0,0.0,0.020317016820377436,8.010440925899839e-05,0.01952931018919931,0.00015282879387174193,0.16818572536332155,9.412765633330975e-05,0.2950440426160856,0.0,0.1475220213080428,0.0,0.022408849905780234,0.00012093025182101366,0.007222540005751412,6.488757610142692e-05,0.018157818846585218,3.4712276954206845e-06,0.020317016820377436,8.010440925899839e-05,0.020317016820377436,8.010440925899843e-05,-2.2551405187698493e-19,6.2610501900911e-19,0.0,0.0,True,True,True
50,0.0,1.2,5,pooled_k2,200,0.0,0.0,0.0,0.0,0.022416486753742717,0.00012149625710517309,0.007222540005751412,6.488757610142692e-05,0.049900603349395674,0.000264738794252067,0.0,0.0,0.0,0.0,0.02241648675374272,0.00012149625710517313,0.007222540005751412,6.488757610142692e-05,,,0.022416486753742717,0.00012149625710517309,0.022416486753742717,0.00012149625710517304,6.071532165918824e-19,8.503488934222321e-19,0.0,0.0,True,True,True
50,0.0,1.2,20,full_k3,200,0.0,0.0,0.0,0.0,0.020317016820377436,8.010440925899839e-05,0.01952931018919931,0.00015282879387174193,0.16818572536332155,9.412765633330975e-05,0.2950440426160856,0.0,0.1475220213080428,0.0,0.022408849905780234,0.00012093025182101366,0.007222540005751412,6.488757610142692e-05,0.018157818846585218,3.4712276954206845e-06,0.020317016820377436,8.010440925899839e-05,0.020317016820377436,8.010440925899843e-05,-2.2551405187698493e-19,6.2610501900911e-19,0.0,0.0,True,True,True
50,0.0,1.2,20,pooled_k2,200,0.0,0.0,0.0,0.0,0.022416486753742717,0.00012149625710517309,0.007222540005751412,6.488757610142692e-05,0.049900603349395674,0.000264738794252067,0.0,0.0,0.0,0.0,0.02241648675374272,0.00012149625710517313,0.007222540005751412,6.488757610142692e-05,,,0.022416486753742717,0.00012149625710517309,0.022416486753742717,0.00012149625710517304,6.071532165918824e-19,8.503488934222321e-19,0.0,0.0,True,True,True
50,0.05,0.0,1,full_k3,200,0.04999999999999999,0.0,0.08874432269204476,0.000428545659723078,0.014191828249507937,9.161904418762874e-05,0.0046591949800088685,4.233271770561966e-05,0.01585940683873431,0.0001755788366821163,0.005384726762356667,0.00021373310427255006,0.007229005005454714,1.2297128680066881e-19,0.0212877423742619,0.00013742856628144308,0.006988792470013303,6.34990765584295e-05,0.0,0.0,0.014191828249507937,9.161904418762874e-05,0.014191828249507937,9.161904418762869e-05,2.862293735361732e-19,5.018942422433485e-19,0.0,0.0,True,True,True
50,0.05,0.0,1,pooled_k2,200,0.04999999999999999,0.0,0.08874432269204476,0.000428545659723078,0.021287742374261908,0.00013742856628144308,0.006988792470013303,6.349907655842947e-05,0.023789110258101466,0.0002633682550231744,0.008077090143534998,0.0003205996564088251,0.010843507508182068,0.0,0.021287742374261908,0.00013742856628144308,0.006988792470013303,6.34990765584295e-05,,,0.021287742374261908,0.00013742856628144308,0.021287742374261908,0.00013742856628144308,-7.979727989493313e-19,8.676964140305966e-19,0.0,0.0,True,True,True
50,0.05,0.0,5,full_k3,200,0.04999999999999999,0.0,0.08874432269204476,0.000428545659723078,0.014191828249507937,9.161904418762874e-05,0.0046591949800088685,4.233271770561966e-05,0.01585940683873431,0.0001755788366821163,0.005384726762356667,0.00021373310427255006,0.007229005005454714,1.2297128680066881e-19,0.0212877423742619,0.00013742856628144308,0.006988792470013303,6.34990765584295e-05,0.0,0.0,0.014191828249507937,9.161904418762874e-05,0.014191828249507937,9.161904418762869e-05,2.862293735361732e-19,5.018942422433485e-19,0.0,0.0,True,True,True
50,0.05,0.0,5,pooled_k2,200,0.04999999999999999,0.0,0.08874432269204476,0.000428545659723078,0.021287742374261908,0.00013742856628144308,0.006988792470013303,6.349907655842947e-05,0.023789110258101466,0.0002633682550231744,0.008077090143534998,0.0003205996564088251,0.010843507508182068,0.0,0.021287742374261908,0.00013742856628144308,0.006988792470013303,6.34990765584295e-05,,,0.021287742374261908,0.00013742856628144308,0.021287742374261908,0.00013742856628144308,-7.979727989493313e-19,8.676964140305966e-19,0.0,0.0,True,True,True
50,0.05,0.0,20,full_k3,200,0.04999999999999999,0.0,0.08874432269204476,0.000428545659723078,0.014191828249507937,9.161904418762874e-05,0.0046591949800088685,4.233271770561966e-05,0.01585940683873431,0.0001755788366821163,0.005384726762356667,0.00021373310427255006,0.007229005005454714,1.2297128680066881e-19,0.0212877423742619,0.00013742856628144308,0.006988792470013303,6.34990765584295e-05,0.0,0.0,0.014191828249507937,9.161904418762874e-05,0.014191828249507937,9.161904418762869e-05,2.862293735361732e-19,5.018942422433485e-19,0.0,0.0,True,True,True
50,0.05,0.0,20,pooled_k2,200,0.04999999999999999,0.0,0.08874432269204476,0.000428545659723078,0.021287742374261908,0.00013742856628144308,0.006988792470013303,6.349907655842947e-05,0.023789110258101466,0.0002633682550231744,0.008077090143534998,0.0003205996564088251,0.010843507508182068,0.0,0.021287742374261908,0.00013742856628144308,0.006988792470013303,6.34990765584295e-05,,,0.021287742374261908,0.00013742856628144308,0.021287742374261908,0.00013742856628144308,-7.979727989493313e-19,8.676964140305966e-19,0.0,0.0,True,True,True
50,0.05,0.6,1,full_k3,200,0.04999999999999999,0.0,0.08872131196780744,0.00043706191202301357,0.017256659680795244,0.00010130255694449408,0.010512317535652897,0.00010874175634431043,0.08937488210395655,9.737495687749718e-05,0.08739952854973748,0.0012777356359011888,0.08067324334681154,9.837702944053505e-19,0.021767752324011878,0.00015260937881284535,0.007190325650319148,6.781508476572302e-05,0.009761037803859738,1.9831279859182183e-06,0.017256659680795244,0.00010130255694449408,0.017256659680795244,0.0001013025569444941,-2.9490299091605723e-19,5.60715357563459e-19,0.0,0.0,True,True,True
50,0.05,0.6,1,pooled_k2,200,0.04999999999999999,0.0,0.08872131196780744,0.00043706191202301357,0.021775108203713516,0.00015231738197568593,0.007190325650319149,6.781508476572298e-05,0.030983921919248824,0.00028529267854610524,0.010471068014244453,0.0003471672288917263,0.010567381029253045,0.0,0.021775108203713513,0.00015231738197568596,0.007190325650319148,6.781508476572302e-05,,,0.021775108203713516,0.00015231738197568593,0.021775108203713516,0.00015231738197568598,4.85722573273506e-19,8.6396934207694945e-19,0.0,0.0,True,True,True
50,0.05,0.6,5,full_k3,200,0.04999999999999999,0.0,0.08872131196780744,0.00043706191202301357,0.017256659680795244,0.00010130255694449408,0.010512317535652897,0.00010874175634431043,0.08937488210395655,9.737495687749718e-05,0.08739952854973748,0.0012777356359011888,0.08067324334681154,9.837702944053505e-19,0.021767752324011878,0.00015260937881284535,0.007190325650319148,6.781508476572302e-05,0.009761037803859738,1.9831279859182183e-06,0.017256659680795244,0.00010130255694449408,0.017256659680795244,0.0001013025569444941,-2.9490299091605723e-19,5.60715357563459e-19,0.0,0.0,True,True,True
50,0.05,0.6,5,pooled_k2,200,0.04999999999999999,0.0,0.08872131196780744,0.00043706191202301357,0.021775108203713516,0.00015231738197568593,0.007190325650319149,6.781508476572298e-05,0.030983921919248824,0.00028529267854610524,0.010471068014244453,0.0003471672288917263,0.010567381029253045,0.0,0.021775108203713513,0.00015231738197568596,0.007190325650319148,6.781508476572302e-05,,,0.021775108203713516,0.00015231738197568593,0.021775108203713516,0.00015231738197568598,4.85722573273506e-19,8.6396934207694945e-19,0.0,0.0,True,True,True
50,0.05,0.6,20,full_k3,200,0.04999999999999999,0.0,0.08872131196780744,0.00043706191202301357,0.017256659680795244,0.00010130255694449408,0.010512317535652897,0.00010874175634431043,0.08937488210395655,9.737495687749718e-05,0.08739952854973748,0.0012777356359011888,0.08067324334681154,9.837702944053505e-19,0.021767752324011878,0.00015260937881284535,0.007190325650319148,6.781508476572302e-05,0.009761037803859738,1.9831279859182183e-06,0.017256659680795244,0.00010130255694449408,0.017256659680795244,0.0001013025569444941,-2.9490299091605723e-19,5.60715357563459e-19,0.0,0.0,True,True,True
50,0.05,0.6,20,pooled_k2,200,0.04999999999999999,0.0,0.08872131196780744,0.00043706191202301357,0.021775108203713516,0.00015231738197568593,0.007190325650319149,6.781508476572298e-05,0.030983921919248824,0.00028529267854610524,0.010471068014244453,0.0003471672288917263,0.010567381029253045,0.0,0.021775108203713513,0.00015231738197568596,0.007190325650319148,6.781508476572302e-05,,,0.021775108203713516,0.00015231738197568593,0.021775108203713516,0.00015231738197568598,4.85722573273506e-19,8.6396934207694945e-19,0.0,0.0,True,True,True
50,0.05,1.2,1,full_k3,200,0.04999999999999999,0.0,0.08960006052770013,0.00042707791069914857,0.020145497923305045,8.725901791964895e-05,0.016120424340302014,0.00017076513287852234,0.16622345154003734,0.00010164526974536003,0.16994536517993034,0.0023564545978950304,0.1490324740473163,1.967540588810701e-18,0.022257122553861065,0.00013212420273395854,0.008430911188833707,7.22296461451321e-05,0.01849969429046232,3.807029212189759e-06,0.020145497923305045,8.725901791964895e-05,0.020145497923305045,8.725901791964886e-05,-6.938893903907229e-20,5.65111601642671e-19,0.0,0.0,True,True,True
50,0.05,1.2,1,pooled_k2,200,0.04999999999999999,0.0,0.08960006052770013,0.00042707791069914857,0.02229129893407073,0.00013305753562663483,0.008430911188833707,7.222964614513207e-05,0.04974273128301268,0.00028437523604354307,0.026477766581068266,0.0004030672667064267,0.009787998659893785,0.0,0.02229129893407073,0.0001330575356266349,0.008430911188833707,7.22296461451321e-05,,,0.02229129893407073,0.00013305753562663483,0.02229129893407073,0.00013305753562663483,1.1969591984239968e-18,8.974705344894354e-19,0.0,0.0,True,True,True
50,0.05,1.2,5,full_k3,200,0.04999999999999999,0.0,0.08960006052770013,0.00042707791069914857,0.020145497923305045,8.725901791964895e-05,0.016120424340302014,0.00017076513287852234,0.16622345154003734,0.00010164526974536003,0.16994536517993034,0.0023564545978950304,0.1490324740473163,1.967540588810701e-18,0.022257122553861065,0.00013212420273395854,0.008430911188833707,7.22296461451321e-05,0.01849969429046232,3.807029212189759e-06,0.020145497923305045,8.725901791964895e-05,0.020145497923305045,8.725901791964886e-05,-6.938893903907229e-20,5.65111601642671e-19,0.0,0.0,True,True,True
50,0.05,1.2,5,pooled_k2,200,0.04999999999999999,0.0,0.08960006052770013,0.00042707791069914857,0.02229129893407073,0.00013305753562663483,0.008430911188833707,7.222964614513207e-05,0.04974273128301268,0.00028437523604354307,0.026477766581068266,0.0004030672667064267,0.009787998659893785,0.0,0.02229129893407073,0.0001330575356266349,0.008430911188833707,7.22296461451321e-05,,,0.02229129893407073,0.00013305753562663483,0.02229129893407073,0.00013305753562663483,1.1969591984239968e-18,8.974705344894354e-19,0.0,0.0,True,True,True
50,0.05,1.2,20,full_k3,200,0.04999999999999999,0.0,0.08960006052770013,0.00042707791069914857,0.020145497923305045,8.725901791964895e-05,0.016120424340302014,0.00017076513287852234,0.16622345154003734,0.00010164526974536003,0.16994536517993034,0.0023564545978950304,0.1490324740473163,1.967540588810701e-18,0.022257122553861065,0.00013212420273395854,0.008430911188833707,7.22296461451321e-05,0.01849969429046232,3.807029212189759e-06,0.020145497923305045,8.725901791964895e-05,0.020145497923305045,8.725901791964886e-05,-6.938893903907229e-20,5.65111601642671e-19,0.0,0.0,True,True,True
50,0.05,1.2,20,pooled_k2,200,0.04999999999999999,0.0,0.08960006052770013,0.00042707791069914857,0.02229129893407073,0.00013305753562663483,0.008430911188833707,7.222964614513207e-05,0.04974273128301268,0.00028437523604354307,0.026477766581068266,0.0004030672667064267,0.009787998659893785,0.0,0.02229129893407073,0.0001330575356266349,0.008430911188833707,7.22296461451321e-05,,,0.02229129893407073,0.00013305753562663483,0.02229129893407073,0.00013305753562663483,1.1969591984239968e-18,8.974705344894354e-19,0.0,0.0,True,True,True
50,0.2,0.0,1,full_k3,200,0.2,0.0,0.35705248835611597,0.001572592283269735,0.014035147173771013,8.71404546788748e-05,0.004699133391015396,4.4646795141816545e-05,0.010468514090139191,0.0001768091962164812,0.006823388019106025,0.0003328815162165263,0.03362224128386448,0.0,0.021052720760656517,0.00013071068201831221,0.007048700086523094,6.697019271272484e-05,0.0,0.0,0.014035147173771013,8.71404546788748e-05,0.014035147173771013,8.714045467887479e-05,9.540979117872439e-20,4.843254221595082e-19,0.0,0.0,True,True,True
50,0.2,0.0,1,pooled_k2,200,0.2,0.0,0.35705248835611597,0.001572592283269735,0.021052720760656517,0.00013071068201831221,0.007048700086523093,6.697019271272481e-05,0.01570277113520879,0.0002652137943247215,0.010235082028659036,0.0004993222743247894,0.05043336192579671,0.0,0.021052720760656517,0.00013071068201831224,0.007048700086523094,6.697019271272484e-05,,,0.021052720760656517,0.00013071068201831221,0.021052720760656514,0.00013071068201831221,8.847089727481716e-19,7.98460623724155e-19,0.0,0.0,True,True,True
50,0.2,0.0,5,full_k3,200,0.2,0.0,0.35705248835611597,0.001572592283269735,0.014035147173771013,8.71404546788748e-05,0.004699133391015396,4.4646795141816545e-05,0.010468514090139191,0.0001768091962164812,0.006823388019106025,0.0003328815162165263,0.03362224128386448,0.0,0.021052720760656517,0.00013071068201831221,0.007048700086523094,6.697019271272484e-05,0.0,0.0,0.014035147173771013,8.71404546788748e-05,0.014035147173771013,8.714045467887479e-05,9.540979117872439e-20,4.843254221595082e-19,0.0,0.0,True,True,True
50,0.2,0.0,5,pooled_k2,200,0.2,0.0,0.35705248835611597,0.001572592283269735,0.021052720760656517,0.00013071068201831221,0.007048700086523093,6.697019271272481e-05,0.01570277113520879,0.0002652137943247215,0.010235082028659036,0.0004993222743247894,0.05043336192579671,0.0,0.021052720760656517,0.00013071068201831224,0.007048700086523094,6.697019271272484e-05,,,0.021052720760656517,0.00013071068201831221,0.021052720760656514,0.00013071068201831221,8.847089727481716e-19,7.98460623724155e-19,0.0,0.0,True,True,True
50,0.2,0.0,20,full_k3,200,0.2,0.0,0.35705248835611597,0.001572592283269735,0.014035147173771013,8.71404546788748e-05,0.004699133391015396,4.4646795141816545e-05,0.010468514090139191,0.0001768091962164812,0.006823388019106025,0.0003328815162165263,0.03362224128386448,0.0,0.021052720760656517,0.00013071068201831221,0.007048700086523094,6.697019271272484e-05,0.0,0.0,0.014035147173771013,8.71404546788748e-05,0.014035147173771013,8.714045467887479e-05,9.540979117872439e-20,4.843254221595082e-19,0.0,0.0,True,True,True
50,0.2,0.0,20,pooled_k2,200,0.2,0.0,0.35705248835611597,0.001572592283269735,0.021052720760656517,0.00013071068201831221,0.007048700086523093,6.697019271272481e-05,0.01570277113520879,0.0002652137943247215,0.010235082028659036,0.0004993222743247894,0.05043336192579671,0.0,0.021052720760656517,0.00013071068201831224,0.007048700086523094,6.697019271272484e-05,,,0.021052720760656517,0.00013071068201831221,0.021052720760656514,0.00013071068201831221,8.847089727481716e-19,7.98460623724155e-19,0.0,0.0,True,True,True
50,0.2,0.6,1,full_k3,200,0.2,0.0,0.35854764016898644,0.0018529830311813742,0.016674519973681814,9.279797762609944e-05,0.010381510000826467,0.0001072001948894359,0.0829963283004736,9.713001304885904e-05,0.07746699426163448,0.00016898803259025346,0.08982777057257295,1.967540588810701e-18,0.020971773723302008,0.00014044634986204332,0.007205227654233502,5.963031705664266e-05,0.010145626403849696,5.8575113015402245e-06,0.016674519973681814,9.279797762609944e-05,0.016674519973681818,9.279797762609944e-05,6.852157730108388e-19,5.1426373073077e-19,0.0,0.0,True,True,True
50,0.2,0.6,1,pooled_k2,200,0.2,0.0,0.35854764016898644,0.0018529830311813742,0.02098456335125468,0.0001404045437615296,0.007205227654233504,5.963031705664266e-05,0.023927671642965248,0.00028917109975931324,0.012237797185199698,0.0005069640977707602,0.049320126118015076,0.0,0.020984563351254676,0.0001404045437615296,0.007205227654233502,5.963031705664266e-05,,,0.02098456335125468,0.0001404045437615296,0.02098456335125468,0.0001404045437615296,-8.153200337090993e-19,8.014775667782826e-19,0.0,0.0,True,True,True
50,0.2,0.6,5,full_k3,200,0.2,0.0,0.35854764016898644,0.0018529830311813742,0.016674519973681814,9.279797762609944e-05,0.010381510000826467,0.0001072001948894359,0.0829963283004736,9.713001304885904e-05,0.07746699426163448,0.00016898803259025346,0.08982777057257295,1.967540588810701e-18,0.020971773723302008,0.00014044634986204332,0.007205227654233502,5.963031705664266e-05,0.010145626403849696,5.8575113015402245e-06,0.016674519973681814,9.279797762609944e-05,0.016674519973681818,9.279797762609944e-05,6.852157730108388e-19,5.1426373073077e-19,0.0,0.0,True,True,True
50,0.2,0.6,5,pooled_k2,200,0.2,0.0,0.35854764016898644,0.0018529830311813742,0.02098456335125468,0.0001404045437615296,0.007205227654233504,5.963031705664266e-05,0.023927671642965248,0.00028917109975931324,0.012237797185199698,0.0005069640977707602,0.049320126118015076,0.0,0.020984563351254676,0.0001404045437615296,0.007205227654233502,5.963031705664266e-05,,,0.02098456335125468,0.0001404045437615296,0.02098456335125468,0.0001404045437615296,-8.153200337090993e-19,8.014775667782826e-19,0.0,0.0,True,True,True
50,0.2,0.6,20,full_k3,200,0.2,0.0,0.35854764016898644,0.0018529830311813742,0.016674519973681814,9.279797762609944e-05,0.010381510000826467,0.0001072001948894359,0.0829963283004736,9.713001304885904e-05,0.07746699426163448,0.00016898803259025346,0.08982777057257295,1.967540588810701e-18,0.020971773723302008,0.00014044634986204332,0.007205227654233502,5.963031705664266e-05,0.010145626403849696,5.8575113015402245e-06,0.016674519973681814,9.279797762609944e-05,0.016674519973681818,9.279797762609944e-05,6.852157730108388e-19,5.1426373073077e-19,0.0,0.0,True,True,True
50,0.2,0.6,20,pooled_k2,200,0.2,0.0,0.35854764016898644,0.0018529830311813742,0.02098456335125468,0.0001404045437615296,0.007205227654233504,5.963031705664266e-05,0.023927671642965248,0.00028917109975931324,0.012237797185199698,0.0005069640977707602,0.049320126118015076,0.0,0.020984563351254676,0.0001404045437615296,0.007205227654233502,5.963031705664266e-05,,,0.02098456335125468,0.0001404045437615296,0.02098456335125468,0.0001404045437615296,-8.153200337090993e-19,8.014775667782826e-19,0.0,0.0,True,True,True
50,0.2,1.2,1,full_k3,200,0.2,0.0,0.35600684238710584,0.0015612797276458581,0.01997376344302415,8.48265923792359e-05,0.01629408851673546,0.0002163201641697663,0.15779217460485037,9.38937623189331e-05,0.1493301070281437,0.0002236454001950155,0.15463851897101846,1.967540588810701e-18,0.02224264198509818,0.00012819274731714313,0.008654766113031651,8.537402397407456e-05,0.019376013249964397,1.0260157849889865e-05,0.01997376344302415,8.48265923792359e-05,0.019973763443024154,8.48265923792359e-05,4.683753385137379e-19,5.617392450667845e-19,0.0,0.0,True,True,True
50,0.2,1.2,1,pooled_k2,200,0.2,0.0,0.35600684238710584,0.0015612797276458581,0.02230690359014897,0.00012840589828967078,0.00865476611303165,8.537402397407453e-05,0.04543426680318032,0.0002764817697328064,0.0301909171480303,0.0006709362005850465,0.04611615297665468,0.0,0.02230690359014897,0.00012840589828967078,0.008654766113031651,8.537402397407456e-05,,,0.02230690359014897,0.00012840589828967078,0.02230690359014897,0.00012840589828967073,7.806255641895632e-19,7.441287132730441e-19,0.0,0.0,True,True,True
50,0.2,1.2,5,full_k3,200,0.2,0.0,0.35600684238710584,0.0015612797276458581,0.01997376344302415,8.48265923792359e-05,0.01629408851673546,0.0002163201641697663,0.15779217460485037,9.38937623189331e-05,0.1493301070281437,0.0002236454001950155,0.15463851897101846,1.967540588810701e-18,0.02224264198509818,0.00012819274731714313,0.008654766113031651,8.537402397407456e-05,0.019376013249964397,1.0260157849889865e-05,0.01997376344302415,8.48265923792359e-05,0.019973763443024154,8.48265923792359e-05,4.683753385137379e-19,5.617392450667845e-19,0.0,0.0,True,True,True
50,0.2,1.2,5,pooled_k2,200,0.2,0.0,0.35600684238710584,0.0015612797276458581,0.02230690359014897,0.00012840589828967078,0.00865476611303165,8.537402397407453e-05,0.04543426680318032,0.0002764817697328064,0.0301909171480303,0.0006709362005850465,0.04611615297665468,0.0,0.02230690359014897,0.00012840589828967078,0.008654766113031651,8.537402397407456e-05,,,0.02230690359014897,0.00012840589828967078,0.02230690359014897,0.00012840589828967073,7.806255641895632e-19,7.441287132730441e-19,0.0,0.0,True,True,True
50,0.2,1.2,20,full_k3,200,0.2,0.0,0.35600684238710584,0.0015612797276458581,0.01997376344302415,8.48265923792359e-05,0.01629408851673546,0.0002163201641697663,0.15779217460485037,9.38937623189331e-05,0.1493301070281437,0.0002236454001950155,0.15463851897101846,1.967540588810701e-18,0.02224264198509818,0.00012819274731714313,0.008654766113031651,8.537402397407456e-05,0.019376013249964397,1.0260157849889865e-05,0.01997376344302415,8.48265923792359e-05,0.019973763443024154,8.48265923792359e-05,4.683753385137379e-19,5.617392450667845e-19,0.0,0.0,True,True,True
50,0.2,1.2,20,pooled_k2,200,0.2,0.0,0.35600684238710584,0.0015612797276458581,0.02230690359014897,0.00012840589828967078,0.00865476611303165,8.537402397407453e-05,0.04543426680318032,0.0002764817697328064,0.0301909171480303,0.0006709362005850465,0.04611615297665468,0.0,0.02230690359014897,0.00012840589828967078,0.008654766113031651,8.537402397407456e-05,,,0.02230690359014897,0.00012840589828967078,0.02230690359014897,0.00012840589828967073,7.806255641895632e-19,7.441287132730441e-19,0.0,0.0,True,True,True
50,1.0,0.0,1,full_k3,200,1.0,0.0,1.7647416629768602,0.008038835748568,0.014011296295236772,9.43256961130222e-05,0.0046237055883925115,4.4460461174156654e-05,0.01097243791828565,0.00014345446226315156,0.004479266826697846,0.0002312249508204821,0.17137929844516347,1.967540588810701e-18,0.02101694444285516,0.00014148854416953322,0.006935558382588768,6.669069176123503e-05,0.0,0.0,0.014011296295236772,9.43256961130222e-05,0.014011296295236772,9.432569611302223e-05,-1.734723475976807e-20,4.849171207794422e-19,0.0,0.0,True,True,True
50,1.0,0.0,1,pooled_k2,200,1.0,0.0,1.7647416629768602,0.008038835748568,0.021016944442855158,0.0001414885441695333,0.006935558382588768,6.669069176123498e-05,0.016458656877428476,0.00021518169339472748,0.006718900240046768,0.0003468374262307232,0.2570689476677453,3.935081177621402e-18,0.02101694444285516,0.0001414885441695333,0.006935558382588768,6.669069176123503e-05,,,0.021016944442855158,0.0001414885441695333,0.02101694444285516,0.00014148854416953333,5.204170427930421e-19,8.501043390469994e-19,0.0,0.0,True,True,True
50,1.0,0.0,5,full_k3,200,1.0,0.0,1.7647416629768602,0.008038835748568,0.014011296295236772,9.43256961130222e-05,0.0046237055883925115,4.4460461174156654e-05,0.01097243791828565,0.00014345446226315156,0.004479266826697846,0.0002312249508204821,0.17137929844516347,1.967540588810701e-18,0.02101694444285516,0.00014148854416953322,0.006935558382588768,6.669069176123503e-05,0.0,0.0,0.014011296295236772,9.43256961130222e-05,0.014011296295236772,9.432569611302223e-05,-1.734723475976807e-20,4.849171207794422e-19,0.0,0.0,True,True,True
50,1.0,0.0,5,pooled_k2,200,1.0,0.0,1.7647416629768602,0.008038835748568,0.021016944442855158,0.0001414885441695333,0.006935558382588768,6.669069176123498e-05,0.016458656877428476,0.00021518169339472748,0.006718900240046768,0.0003468374262307232,0.2570689476677453,3.935081177621402e-18,0.02101694444285516,0.0001414885441695333,0.006935558382588768,6.669069176123503e-05,,,0.021016944442855158,0.0001414885441695333,0.02101694444285516,0.00014148854416953333,5.204170427930421e-19,8.501043390469994e-19,0.0,0.0,True,True,True
50,1.0,0.0,20,full_k3,200,1.0,0.0,1.7647416629768602,0.008038835748568,0.014011296295236772,9.43256961130222e-05,0.0046237055883925115,4.4460461174156654e-05,0.01097243791828565,0.00014345446226315156,0.004479266826697846,0.0002312249508204821,0.17137929844516347,1.967540588810701e-18,0.02101694444285516,0.00014148854416953322,0.006935558382588768,6.669069176123503e-05,0.0,0.0,0.014011296295236772,9.43256961130222e-05,0.014011296295236772,9.432569611302223e-05,-1.734723475976807e-20,4.849171207794422e-19,0.0,0.0,True,True,True
50,1.0,0.0,20,pooled_k2,200,1.0,0.0,1.7647416629768602,0.008038835748568,0.021016944442855158,0.0001414885441695333,0.006935558382588768,6.669069176123498e-05,0.016458656877428476,0.00021518169339472748,0.006718900240046768,0.0003468374262307232,0.2570689476677453,3.935081177621402e-18,0.02101694444285516,0.0001414885441695333,0.006935558382588768,6.669069176123503e-05,,,0.021016944442855158,0.0001414885441695333,0.02101694444285516,0.00014148854416953333,5.204170427930421e-19,8.501043390469994e-19,0.0,0.0,True,True,True
50,1.0,0.6,1,full_k3,200,1.0,0.0,1.762594516017839,0.008216108763428506,0.016339227051125362,8.844477171677736e-05,0.008885440411032853,9.193260564175394e-05,0.06030092163456593,7.978765274649284e-05,0.056593507420818236,0.00011599716400443093,0.17069673907988142,1.967540588810701e-18,0.021015265054420747,0.0001355459748914429,0.007202833717831339,6.810985462371076e-05,0.01200785271255172,2.6725788615858484e-05,0.016339227051125362,8.844477171677736e-05,0.016339227051125366,8.844477171677743e-05,4.0766001685454964e-19,4.979923398543922e-19,0.0,0.0,True,True,True
50,1.0,0.6,1,pooled_k2,200,1.0,0.0,1.762594516017839,0.008216108763428506,0.021091258842536202,0.0001353727173019683,0.007202833717831338,6.810985462371076e-05,0.019494795109006643,0.00023997494400250155,0.009838931374361723,0.00034799149201329287,0.25604510861982205,3.935081177621402e-18,0.021091258842536195,0.00013537271730196818,0.007202833717831339,6.810985462371076e-05,,,0.021091258842536202,0.0001353727173019683,0.021091258842536202,0.00013537271730196826,-3.4694469519536144e-19,7.353641823044316e-19,0.0,0.0,True,True,True
50,1.0,0.6,5,full_k3,200,1.0,0.0,1.762594516017839,0.008216108763428506,0.016339227051125362,8.844477171677736e-05,0.008885440411032853,9.193260564175394e-05,0.06030092163456593,7.978765274649284e-05,0.056593507420818236,0.00011599716400443093,0.17069673907988142,1.967540588810701e-18,0.021015265054420747,0.0001355459748914429,0.007202833717831339,6.810985462371076e-05,0.01200785271255172,2.6725788615858484e-05,0.016339227051125362,8.844477171677736e-05,0.016339227051125366,8.844477171677743e-05,4.0766001685454964e-19,4.979923398543922e-19,0.0,0.0,True,True,True
50,1.0,0.6,5,pooled_k2,200,1.0,0.0,1.762594516017839,0.008216108763428506,0.021091258842536202,0.0001353727173019683,0.007202833717831338,6.810985462371076e-05,0.019494795109006643,0.00023997494400250155,0.009838931374361723,0.00034799149201329287,0.25604510861982205,3.935081177621402e-18,0.021091258842536195,0.00013537271730196818,0.007202833717831339,6.810985462371076e-05,,,0.021091258842536202,0.0001353727173019683,0.021091258842536202,0.00013537271730196826,-3.4694469519536144e-19,7.353641823044316e-19,0.0,0.0,True,True,True
50,1.0,0.6,20,full_k3,200,1.0,0.0,1.762594516017839,0.008216108763428506,0.016339227051125362,8.844477171677736e-05,0.008885440411032853,9.193260564175394e-05,0.06030092163456593,7.978765274649284e-05,0.056593507420818236,0.00011599716400443093,0.17069673907988142,1.967540588810701e-18,0.021015265054420747,0.0001355459748914429,0.007202833717831339,6.810985462371076e-05,0.01200785271255172,2.6725788615858484e-05,0.016339227051125362,8.844477171677736e-05,0.016339227051125366,8.844477171677743e-05,4.0766001685454964e-19,4.979923398543922e-19,0.0,0.0,True,True,True
50,1.0,0.6,20,pooled_k2,200,1.0,0.0,1.762594516017839,0.008216108763428506,0.021091258842536202,0.0001353727173019683,0.007202833717831338,6.810985462371076e-05,0.019494795109006643,0.00023997494400250155,0.009838931374361723,0.00034799149201329287,0.25604510861982205,3.935081177621402e-18,0.021091258842536195,0.00013537271730196818,0.007202833717831339,6.810985462371076e-05,,,0.021091258842536202,0.0001353727173019683,0.021091258842536202,0.00013537271730196826,-3.4694469519536144e-19,7.353641823044316e-19,0.0,0.0,True,True,True
50,1.0,1.2,1,full_k3,200,1.0,0.0,1.7668333042785138,0.008030144834453103,0.019568524652460256,7.841127012527609e-05,0.013189924130028969,0.0001642270939470161,0.11688610907761454,9.665018463228947e-05,0.11301398461228757,0.00015352646691364503,0.1864374926139588,1.967540588810701e-18,0.021865298575296083,0.00012605042003558333,0.00895603982357006,8.075695396588096e-05,0.023525276130906637,4.868345305679399e-05,0.019568524652460256,7.841127012527609e-05,0.019568524652460256,7.841127012527608e-05,4.336808689942018e-19,5.199446465391187e-19,0.0,0.0,True,True,True
50,1.0,1.2,1,pooled_k2,200,1.0,0.0,1.7668333042785138,0.008030144834453103,0.022176828953203626,0.00012445741821432547,0.008956039823570058,8.075695396588092e-05,0.04039510837650095,0.0002969307592849644,0.03190855521242072,0.0004605794007409352,0.2521790792174345,3.935081177621402e-18,0.022176828953203626,0.00012445741821432544,0.00895603982357006,8.075695396588096e-05,,,0.022176828953203626,0.00012445741821432547,0.022176828953203626,0.0001244574182143254,-2.9490299091605723e-19,7.830780259879506e-19,0.0,0.0,True,True,True
50,1.0,1.2,5,full_k3,200,1.0,0.0,1.7668333042785138,0.008030144834453103,0.019568524652460256,7.841127012527609e-05,0.013189924130028969,0.0001642270939470161,0.11688610907761454,9.665018463228947e-05,0.11301398461228757,0.00015352646691364503,0.1864374926139588,1.967540588810701e-18,0.021865298575296083,0.00012605042003558333,0.00895603982357006,8.075695396588096e-05,0.023525276130906637,4.868345305679399e-05,0.019568524652460256,7.841127012527609e-05,0.019568524652460256,7.841127012527608e-05,4.336808689942018e-19,5.199446465391187e-19,0.0,0.0,True,True,True
50,1.0,1.2,5,pooled_k2,200,1.0,0.0,1.7668333042785138,0.008030144834453103,0.022176828953203626,0.00012445741821432547,0.008956039823570058,8.075695396588092e-05,0.04039510837650095,0.0002969307592849644,0.03190855521242072,0.0004605794007409352,0.2521790792174345,3.935081177621402e-18,0.022176828953203626,0.00012445741821432544,0.00895603982357006,8.075695396588096e-05,,,0.022176828953203626,0.00012445741821432547,0.022176828953203626,0.0001244574182143254,-2.9490299091605723e-19,7.830780259879506e-19,0.0,0.0,True,True,True
50,1.0,1.2,20,full_k3,200,1.0,0.0,1.7668333042785138,0.008030144834453103,0.019568524652460256,7.841127012527609e-05,0.013189924130028969,0.0001642270939470161,0.11688610907761454,9.665018463228947e-05,0.11301398461228757,0.00015352646691364503,0.1864374926139588,1.967540588810701e-18,0.021865298575296083,0.00012605042003558333,0.00895603982357006,8.075695396588096e-05,0.023525276130906637,4.868345305679399e-05,0.019568524652460256,7.841127012527609e-05,0.019568524652460256,7.841127012527608e-05,4.336808689942018e-19,5.199446465391187e-19,0.0,0.0,True,True,True
50,1.0,1.2,20,pooled_k2,200,1.0,0.0,1.7668333042785138,0.008030144834453103,0.022176828953203626,0.00012445741821432547,0.008956039823570058,8.075695396588092e-05,0.04039510837650095,0.0002969307592849644,0.03190855521242072,0.0004605794007409352,0.2521790792174345,3.935081177621402e-18,0.022176828953203626,0.00012445741821432544,0.00895603982357006,8.075695396588096e-05,,,0.022176828953203626,0.00012445741821432547,0.022176828953203626,0.0001244574182143254,-2.9490299091605723e-19,7.830780259879506e-19,0.0,0.0,True,True,True
